{"type":"FeatureCollection", "features": [
{"type":"Feature","geometry":{"type":"MultiPolygon","coordinates":[[[[140.864636394,42.009352225],[140.821447056,42.034179874],[140.802263891,42.077032775],[140.767180272,42.09734],[140.762004449,42.114060279],[140.704714527,42.137422279],[140.57937297,42.108211252],[140.514441946,42.129365838],[140.456985837,42.176731108],[140.387674864,42.222245721],[140.348195772,42.224824838],[140.295620169,42.24395864],[140.276171479,42.279421748],[140.277178975,42.320537333],[140.294225914,42.374925441],[140.32867834,42.442320559],[140.398530584,42.53146836],[140.475865837,42.589052225],[140.537113061,42.587410279],[140.581785279,42.567020838],[140.638459728,42.585217505],[140.695441388,42.586546667],[140.725698054,42.571847775],[140.758600558,42.551176135],[140.773139274,42.520388874],[140.840538054,42.470251441],[140.880638197,42.449762838],[140.908317302,42.379677099],[140.950625383,42.34519736],[140.943506589,42.319180252],[141.002031777,42.300992333],[141.054388975,42.352100829],[141.076518716,42.381803586],[141.155606835,42.440252919],[141.189139209,42.452556856],[141.20596214,42.453360387],[141.339779196,42.537082613],[141.418325512,42.574865441],[141.529217782,42.612827838],[141.624231141,42.630351081],[141.759461336,42.620809027],[141.798850765,42.602248721],[141.876807899,42.586525234],[141.966940104,42.528513261],[142.027302646,42.485085099],[142.079071427,42.469797748],[142.14115476,42.466004036],[142.191646433,42.449279198],[142.222244929,42.422583207],[142.277948444,42.375930351],[142.334543709,42.345013387],[142.406506394,42.308546946],[142.438627782,42.306324721],[142.475987497,42.274256667],[142.585157497,42.243156667],[142.649134449,42.208936108],[142.67068192,42.191524414],[142.760879663,42.174391],[142.81444083,42.141719441],[142.863805006,42.136090559],[142.966051388,42.11777],[143.00880275,42.083055865],[143.067855837,42.061024171],[143.13426,42.027838333],[143.16359,41.98273],[143.215350272,41.951338613],[143.244313061,41.966333054],[143.259484163,42.003857225],[143.312194449,42.054431108],[143.324102776,42.16004],[143.335888885,42.201783613],[143.318957224,42.212611387],[143.31005221800012,42.26107555900006],[143.355915422,42.36622882],[143.389071505,42.414906351],[143.45866461700018,42.50630552300004],[143.524156667,42.573468892],[143.63172917,42.669909721],[143.690752776,42.712966108],[143.869346109,42.842252505],[144.004684929,42.920653378],[144.144378327,42.976601234],[144.228571479,42.997256045],[144.274267691,43.003835189],[144.371729222,42.985627721],[144.374568418,42.967471],[144.485734293,42.939412297],[144.53183630400008,42.951114387000075],[144.63059108900018,42.9514119640001],[144.73721859900013,42.933521108000036],[144.774577056,42.942137261],[144.7244326980001,42.97375835100013],[144.729735759,43.001611793],[144.777134449,43.051085],[144.80265917,43.058914865],[144.854316744,43.048733667],[144.838420895,43.024057135],[144.880846135,42.984729505],[144.973599728,42.981535559],[144.995527224,42.993704171],[145.024426939,43.000194171],[145.031632114,43.029622928],[145.085825006,43.044906387],[145.114470791,43.085011036],[145.112672555,43.120461216],[145.167204254,43.149925297],[145.216874994,43.138970847],[145.244206446,43.157198081],[145.326228054,43.173455838],[145.42122952,43.18787728799998],[145.4760929050001,43.18866761300012],[145.503512503,43.169080279],[145.556471115,43.218846108],[145.557892218,43.261219874000005],[145.59635786000013,43.283848946000035],[145.609585058,43.310385505000056],[145.676481673,43.319590559],[145.715926109,43.336745838],[145.75491083,43.338760559],[145.800611115,43.362087505],[145.756053606,43.398826387],[145.721312776,43.383119171],[145.650666667,43.391466667],[145.623284086,43.363071523],[145.51390917000003,43.29614222499998],[145.492837782,43.266577505],[145.390909429,43.294490541],[145.32574648499997,43.34163353200012],[145.270706744,43.416668568],[145.238038275,43.540193514],[145.198907224,43.607824721],[145.245575551,43.613746946],[145.24555917,43.615080838],[145.157468885,43.641043613],[145.068952218,43.748169441],[145.061083061,43.805916946],[145.081258612,43.818875],[145.098546667,43.86092],[145.093921115,43.889964441],[145.155055279,43.982508613],[145.245036667,44.068285279],[145.240021673,44.089214441],[145.26385834,44.138187775],[145.328765837,44.191349721],[145.366357224,44.264436667],[145.337644163,44.341312505],[145.225430558,44.247925838],[145.19147917,44.195018892],[145.042406939,44.110827225],[144.945965279,44.039902225],[144.914747224,44.008075559],[144.848706939,43.973652225],[144.795992218,43.931908054],[144.661642776,43.916758279],[144.554194449,43.921310279],[144.480486394,43.930215838],[144.363128612,43.955789171],[144.300156615,43.981459721],[144.288897951,44.018026108],[144.25485144,44.039315198],[144.25007917,44.109361946],[144.17903705600008,44.104675450000116],[144.122339728,44.115741946],[143.912595966,44.150485333],[143.776451388,44.184686946],[143.691307782,44.208188892],[143.559044449,44.252523613],[143.41146751,44.309470694],[143.365135772,44.337479018],[143.340375447,44.372035153],[143.276137224,44.400788613],[143.214116329,44.440584721],[143.100465837,44.497852225],[142.994241388,44.557731667],[142.89306917,44.652042775],[142.84206,44.687202505],[142.739185551,44.7598],[142.702398054,44.805883613],[142.662106524,44.838429414],[142.632357069,44.88731382],[142.586352672,44.92151964],[142.57796,44.961569171],[142.544880246,44.986346099],[142.532167224,45.027063892],[142.503957639,45.059728126],[142.482214449,45.061429171],[142.344898054,45.174791946],[142.284546394,45.225721387],[142.16608716,45.342111694],[142.05016834,45.402341387],[142.018790558,45.453564441],[141.969762776,45.482561468],[141.936542114,45.52295736],[141.879149131,45.494578523],[141.878313061,45.460917225],[141.838407497,45.422103892],[141.79561214,45.406527919],[141.706512218,45.396747306],[141.634234527,45.420567306],[141.656882529,45.369983586],[141.643923722,45.333996333],[141.615475253,45.310656523],[141.608965279,45.272236387],[141.573952776,45.238699721],[141.578246667,45.176091387],[141.591069883,45.146773468],[141.663475551,45.031325838],[141.697715006,44.970102505],[141.736615279,44.878205559],[141.763369442,44.807761667],[141.78275917,44.728232505],[141.792316667,44.642943333],[141.787393606,44.586715559],[141.767462776,44.555717505],[141.760615837,44.472392775],[141.747059442,44.432801108],[141.709533476,44.391413838],[141.683680182,44.347202505],[141.647019442,44.31211055900013],[141.656165551,44.208998054],[141.653212776,44.142494171],[141.662270558,44.023420279],[141.651022905,43.993858045],[141.626829831,43.920972441],[141.607893333,43.903121108],[141.582165279,43.872638333],[141.493573281,43.836199135],[141.457505006,43.835734441],[141.381381946,43.801748613],[141.337736433,43.73739027],[141.331072776,43.707596667],[141.352215551,43.641202505],[141.382775785,43.604564198],[141.379015863,43.563973171],[141.359500519,43.518527216],[141.428743061,43.416892225],[141.423422218,43.32813],[141.330263722,43.231335946],[141.291831673,43.18505009],[141.262226524,43.183739694],[141.162138223,43.143942613],[141.088778029,43.171270171],[141.030361414,43.182141252],[141.01583153,43.238967694],[140.978521479,43.239291532],[140.913517328,43.210802865],[140.844809805,43.200383405],[140.811338197,43.193754856],[140.777194669,43.224474667],[140.700308054,43.250652775],[140.646181829,43.262867559],[140.630019754,43.294786793],[140.578932503,43.310451946],[140.525547224,43.358793054],[140.482802218,43.375692225],[140.459451946,43.344276387],[140.424035551,43.328883054],[140.359900272,43.331610279],[140.336442776,43.281839441],[140.324725837,43.221041667],[140.35896917,43.180425],[140.42201,43.145507505],[140.445252503,43.118648613],[140.465072283,43.088764279],[140.529121167,43.028346468],[140.52300642,42.998900036],[140.51898856,42.988584198],[140.41589083,42.941532505],[140.380873891,42.905822775],[140.358551946,42.877573054],[140.30882917,42.830983054],[140.304431673,42.777453613],[140.245939728,42.768199721],[140.238126109,42.792281946],[140.204715006,42.809480279],[140.17324082999994,42.806435558999965],[140.14426639400006,42.75455500000004],[140.06883917,42.723386387],[140.029634163,42.68781064],[139.925282776,42.688158892],[139.868462503,42.665595],[139.823165279,42.613055279],[139.846573891,42.525629441],[139.852935006,42.465716946],[139.836002503,42.405516387],[139.781006109,42.352863333],[139.767141115,42.302489441],[139.774942503,42.261964441],[139.799802503,42.228885838],[139.880648054,42.207785],[139.921584449,42.135442505],[139.991568054,42.127758333],[140.023588054,42.114566946],[140.070552218,42.060060838],[140.119191115,42.003957505],[140.132603061,41.952575838],[140.141002062,41.914409973],[140.12301904,41.825293054],[140.073207782,41.798826108],[140.070540558,41.767439721],[140.008485551,41.691101387],[139.993526939,41.630213613],[139.982093061,41.600431108],[139.991491829,41.543376802],[140.02752108900006,41.462654865000104],[140.07486944200014,41.42441194600002],[140.127898885,41.430774171],[140.180901673,41.403972505],[140.204827224,41.404680279],[140.258147925,41.48015288299996],[140.374389442,41.516453054],[140.408591388,41.516715559],[140.433101673,41.541662505],[140.428946939,41.606645838],[140.434552776,41.658906946],[140.462061673,41.697383333],[140.518976109,41.701615559],[140.555703476,41.722836586],[140.6018,41.742681387],[140.622684306,41.805114892],[140.655122309,41.82103836],[140.709649092,41.808505847],[140.724168275,41.773725],[140.789966252,41.773222919],[140.927160272,41.738395559],[140.968303165,41.710102838],[141.006572218,41.715408613],[141.074813606,41.742946667],[141.108048612,41.784004441],[141.155982283,41.784637306],[141.187418885,41.808892306],[141.146264449,41.832175838],[141.133963061,41.858161667],[141.077807224,41.886003613],[141.01985083,41.891644171],[140.96118642,41.915242171],[140.90863834,41.983155559],[140.864636394,42.009352225]]],[[[146.096149805,43.5],[146.124541725,43.462027505],[146.187661167,43.483531775],[146.197334112,43.527839802],[146.134859663,43.548950802],[146.083616615,43.533767919],[146.096149805,43.5]]],[[[146.275,43.624691108],[146.356798444,43.617592108],[146.352144137,43.638292775],[146.310259274,43.639544802],[146.275,43.624691108]]],[[[139.424599248,42.083333333],[139.450423346,42.060891198],[139.496134721,42.083076667],[139.519504721,42.138043613],[139.517086109,42.176354171],[139.560939442,42.229015559],[139.536953463,42.233059387],[139.435721946,42.215988892],[139.406599442,42.178203333],[139.423117224,42.136212775],[139.424599248,42.083333333]]],[[[141.003511089,45.333333333],[141.026741388,45.296187505],[141.056647782,45.319343892],[141.056570272,45.408537775],[141.049480558,45.450747775],[140.998495837,45.434997775],[140.982690272,45.383088892],[141.003511089,45.333333333]]],[[[141.246105279,45.100688613],[141.286265966,45.114578468],[141.329473333,45.149077775],[141.30355,45.214640279],[141.189246939,45.256838892],[141.149100272,45.224476387],[141.13237917,45.213456387],[141.140981115,45.162178333],[141.204590519,45.113866459],[141.246105279,45.100688613]]],[[[146.625,43.728342667],[146.676192672,43.707427586],[146.701701971,43.746799667],[146.782095188,43.756842135],[146.798107108,43.78663564],[146.83446297,43.791176279],[146.878986472,43.814629252],[146.895244617,43.846727306],[146.840127613,43.888869279],[146.82240917,43.866656306],[146.773534332,43.87603836],[146.722394332,43.837463306],[146.681736031,43.825697559],[146.609863113,43.820278667],[146.584998444,43.802700748],[146.625,43.728342667]]],[[[145.89072585,44.094456514],[145.945289364,44.152875919],[146.041615383,44.183590054],[146.068554086,44.234007613],[146.104553087,44.259435027],[146.224846355,44.272797135],[146.296146861,44.275669613],[146.3612338,44.320076919],[146.388514137,44.359426748],[146.453474721,44.377132802],[146.490691141,44.353981748],[146.533666693,44.380319838],[146.551441556,44.427137775],[146.43770061,44.418881946],[146.337719533,44.417424505],[146.239507977,44.455413333],[146.226037108,44.482110108],[146.159106589,44.511683441],[146.129300752,44.507915865],[146.081663839,44.474088586],[146.050944773,44.417579838],[146.005947004,44.380323694],[146.000233696,44.33627564],[145.946548664,44.279225252],[145.885837419,44.247689919],[145.855215447,44.201754225],[145.787721089,44.14883164],[145.744011505,44.104243892],[145.74711677,44.063834036],[145.735962361,44.046942171],[145.677875279,44.02558264],[145.594167276,43.967820414],[145.590296161,43.952059586],[145.473081362,43.898610973],[145.440882944,43.850511108],[145.406915525,43.842495532],[145.426112607,43.780211108],[145.418178197,43.751804505],[145.433392387,43.720921414],[145.491482944,43.733027892],[145.550592607,43.730816252],[145.5350007,43.670739225],[145.55432153,43.670335892],[145.571907419,43.778074694],[145.575351245,43.841168054],[145.638269689,43.902400441],[145.721295006,43.913643865],[145.789161777,43.94863036],[145.810635642,44.01284164],[145.854978444,44.029435027],[145.89072585,44.094456514]]],[[[147.915502438,44.971743748],[147.98080703,45.002224387],[148.008289974,45.03552136],[148.099645447,45.112649775],[148.199398366,45.158030054],[148.295284553,45.211772108],[148.365975875,45.227260811],[148.442431855,45.253481892],[148.501155305,45.260974414],[148.573703307,45.316526279],[148.621931051,45.330910081],[148.739975032,45.337574054],[148.776717134,45.322647973],[148.842476641,45.33674964],[148.8755493,45.387780054],[148.828584137,45.428349946],[148.831805188,45.459478973],[148.890542555,45.486913838],[148.889558975,45.517838559],[148.856575447,45.540455225],[148.765361777,45.554622532],[148.651698418,45.537344027],[148.639099416,45.508795135],[148.578183969,45.489445613],[148.556928859,45.458021775],[148.48620808,45.420531613],[148.444717808,45.353196],[148.351790441,45.30659964],[148.342744228,45.291143414],[148.292117912,45.276079694],[148.166375888,45.258588252],[148.069976939,45.259443586],[148.029479637,45.270952973],[147.969148612,45.383557919],[147.961756589,45.412507387],[147.925476615,45.437983441],[147.877332529,45.406839108],[147.849246667,45.367010468],[147.856843307,45.320706333],[147.881598392,45.250810198],[147.854209831,45.211420667],[147.826864137,45.217417108],[147.734918781,45.193748775],[147.721323722,45.173434532],[147.691929053,45.133075613],[147.689541634,45.094722613],[147.638228664,45.075335171],[147.590661414,45.083244613],[147.551357782,45.109502441],[147.532021388,45.085194198],[147.511864916,45.024657333],[147.517206641,44.997353333],[147.453387419,44.971703108],[147.383136304,44.911461586],[147.273019754,44.872673586],[147.245115058,44.809950892],[147.192881219,44.797204252],[147.169583256,44.81876636],[147.10722847,44.822141054],[147.113481725,44.779327441],[147.190075227,44.765202441],[147.200169364,44.742097973],[147.17886022,44.688144532],[147.129767367,44.652291559],[147.073870363,44.637137225],[147.033190169,44.638610387],[147.026416161,44.598612613],[146.954035383,44.555991586],[146.921186693,44.524060586],[146.876413722,44.499754225],[146.858979494,44.456282279],[146.90786847,44.428616667],[146.947085811,44.425802027],[146.983230752,44.44476036],[147.027800143,44.518462748],[147.074678054,44.555677892],[147.109064163,44.568885135],[147.154405966,44.560109802],[147.208139831,44.57299436],[147.250980895,44.599891748],[147.265330752,44.636693892],[147.336149079,44.714913171],[147.384850947,44.745742135],[147.462476252,44.779861559],[147.486208521,44.781177946],[147.515975746,44.812746532],[147.550347004,44.816068171],[147.596893671,44.853302613],[147.640427808,44.914266613],[147.611012802,44.939740946],[147.654395499,44.994215468],[147.72624917,45.002811414],[147.743488003,44.966133802],[147.784784942,44.947658802],[147.850688975,44.965395748],[147.915502438,44.971743748]]]]},"properties":{"N03_001":"北海道"}},
{"type":"Feature","geometry":{"type":"Polygon","coordinates":[[[140.660792231,40.948452126],[140.646751686,41.029315],[140.631648106,41.10142836],[140.643738301,41.172397694],[140.594015136,41.216389054],[140.526922114,41.22119136],[140.490986109,41.186093532],[140.448826498,41.188716694],[140.396673748,41.234512414],[140.342183178,41.248992838],[140.328972724,41.219135946],[140.333763165,41.179975586],[140.321590778,41.147831108],[140.288391362,41.119448919],[140.305868145,41.106626946],[140.324111608,41.055718505],[140.318948962,40.999812072],[140.298827951,40.905814973],[140.269081479,40.829582054],[140.249933087,40.800467279],[140.227550921,40.781541505],[140.191535499,40.782645802],[140.144384423,40.75195836],[140.095903022,40.747047117],[140.065306939,40.766831],[140.034026693,40.760459946],[139.994181556,40.732386306],[139.979118833,40.702775135],[139.936202529,40.654532027],[139.901760856,40.645432892],[139.860946005,40.615977694],[139.868566057,40.584438387],[139.918430506,40.585794108],[139.9401762,40.552695441],[139.949897523,40.493771279],[139.93630978,40.428203838],[140.001031751,40.432893108],[140.068345837,40.468856532],[140.107616031,40.435896135],[140.147244086,40.438126027],[140.220168833,40.431145505],[140.298870752,40.44625236],[140.335216083,40.439383441],[140.34780847,40.467547694],[140.386963139,40.487056613],[140.437206031,40.478256],[140.443823671,40.450633667],[140.477647056,40.453074775],[140.532181608,40.411280225],[140.589730506,40.436112919],[140.645232918,40.403090505],[140.675873969,40.412876],[140.762713696,40.451247252],[140.807715253,40.457808586],[140.810628975,40.487129667],[140.845020947,40.507359694],[140.880061505,40.510246171],[140.861322607,40.440629306],[140.926774189,40.421106],[140.985173281,40.42708036],[140.982543139,40.412035559],[140.987282166,40.395034081],[140.995244747,40.355243586],[140.968558029,40.337492135],[140.945710467,40.258074919],[140.955073891,40.247628135],[140.980057639,40.219633505],[141.025978003,40.221680946],[141.076405863,40.25263836],[141.099804864,40.280177973],[141.15919358,40.30478764],[141.197671803,40.307698414],[141.24837786,40.341004081],[141.292318301,40.351668252],[141.317097782,40.372656387],[141.350996641,40.331072973],[141.393098145,40.360685586],[141.441603087,40.376039802],[141.480466913,40.37613],[141.515154578,40.35350164],[141.553698885,40.358657667],[141.581350052,40.373837441],[141.595124449,40.412133306],[141.631335914,40.420253892],[141.68259083,40.450255604],[141.646523839,40.474701829],[141.57598702999996,40.54291961299998],[141.53456282700006,40.52718180199997],[141.50285282700008,40.542938937000145],[141.462994591,40.603467126],[141.438776796,40.670508018],[141.407174747,40.787319072],[141.392928184,40.886623261],[141.383609754,40.935299883],[141.384893502,41.009477234],[141.39841325600003,41.10043433300001],[141.39584192,41.132374423],[141.388448029,41.153924973],[141.404937613,41.238541171],[141.442387302,41.357342252],[141.459221673,41.379182694],[141.456542503,41.424984],[141.404105058,41.384154532],[141.334291829,41.356240694],[141.296862944,41.350451748],[141.246577354,41.361155162],[141.192587017,41.387131153],[141.11568808,41.455658694],[141.058379637,41.483141721],[141.002742283,41.485528054],[140.937081608,41.528957802],[140.882164527,41.468195198],[140.866652374,41.436507946],[140.835221051,41.415728387],[140.820350947,41.346139054],[140.798848249,41.320801865],[140.795741699,41.278869946],[140.779895084,41.253362721],[140.778284553,41.210135748],[140.764203995,41.195232946],[140.76425655,41.147841441],[140.811493165,41.12765336],[140.825341284,41.145375279],[140.877002931,41.166891631],[140.945190999,41.173857919],[140.98253214,41.198976279],[141.058159585,41.183439802],[141.11334978,41.213352613],[141.160036719,41.278188252],[141.198272023,41.272039892],[141.259689027,41.205659054],[141.276326822,41.150699559],[141.242079144,41.083272532],[141.23742642,41.021916532],[141.220987185,40.971406243],[141.189568781,40.917871721],[141.148841829,40.879266973],[141.103330052,40.872458613],[141.084124955,40.886198586],[141.064245136,40.913336054],[140.997533995,40.936956279],[140.939157613,40.995136532],[140.880113645,41.008112919],[140.85897856,40.956033027],[140.858915694,40.903952811],[140.860398833,40.88908464],[140.801729274,40.839346919],[140.738087224,40.829987775],[140.691914553,40.860405586],[140.660792231,40.948452126]]]},"properties":{"N03_001":"青森県"}},
{"type":"Feature","geometry":{"type":"Polygon","coordinates":[[[141.97851034999997,39.8306877390001],[141.978812361,39.86414819800012],[141.959660104,39.887470676],[141.939732477,39.91960419800006],[141.95919635500002,39.95277061300004],[141.948479805,39.989358324],[141.935315318,40.009689009],[141.899510726,40.015168658],[141.854927406,40.055593739],[141.825654553,40.101335153],[141.842671997,40.130660991],[141.859906615,40.164065847],[141.801646602,40.18421865800002],[141.80745430600007,40.21537057699999],[141.83210716000008,40.233790720999934],[141.79433406,40.29582891],[141.771412789,40.345343604],[141.72128241199994,40.39831269400008],[141.68259083,40.450255604],[141.631335914,40.420253892],[141.595124449,40.412133306],[141.581350052,40.373837441],[141.553698885,40.358657667],[141.515154578,40.35350164],[141.480466913,40.37613],[141.441603087,40.376039802],[141.393098145,40.360685586],[141.350996641,40.331072973],[141.317097782,40.372656387],[141.292318301,40.351668252],[141.24837786,40.341004081],[141.197671803,40.307698414],[141.15919358,40.30478764],[141.099804864,40.280177973],[141.076405863,40.25263836],[141.025978003,40.221680946],[140.980057639,40.219633505],[140.955073891,40.247628135],[140.90548083,40.222137667],[140.892362529,40.192279468],[140.859259974,40.171584505],[140.88315131,40.153582027],[140.867202555,40.130627279],[140.877331115,40.098086252],[140.844477808,40.074590946],[140.855365837,40.046698865],[140.847935305,39.959332973],[140.877884086,39.874291135],[140.828513748,39.884803865],[140.782236355,39.867848586],[140.786766446,39.823352171],[140.841647302,39.804920892],[140.797522581,39.741176586],[140.794460584,39.709596],[140.822589144,39.687880306],[140.820215227,39.652763135],[140.795313411,39.602992586],[140.754296719,39.570719505],[140.730359416,39.565842721],[140.736562996,39.521441802],[140.698154423,39.467784694],[140.676987419,39.448403892],[140.681096446,39.418385946],[140.656170973,39.389145919],[140.703236109,39.34358564],[140.693585888,39.299592973],[140.717828716,39.272608838],[140.788662387,39.238428667],[140.766618301,39.208525441],[140.807857691,39.178383108],[140.773877445,39.167592387],[140.749726161,39.140410802],[140.769980752,39.124164865],[140.752906278,39.086016333],[140.799976913,39.07654436],[140.805178029,39.052024],[140.784928949,39.019713559],[140.764406524,39.000365946],[140.773590169,38.958084468],[140.824058106,38.964119838],[140.875725032,38.930986748],[140.910374189,38.92744436],[140.961519416,38.905727667],[140.984297977,38.876192],[141.091695188,38.887428559],[141.139479689,38.877488532],[141.146782698,38.856266775],[141.102779611,38.830628946],[141.15730214,38.782625423],[141.180970999,38.784525667],[141.215838612,38.748470559],[141.257335227,38.762388225],[141.269065305,38.793448865],[141.304549754,38.79346036],[141.353067977,38.812403946],[141.414863995,38.786202081],[141.410132477,38.76781436],[141.463890584,38.853011081],[141.450693139,38.875143532],[141.489088833,38.907033748],[141.483533969,38.978166694],[141.566994332,38.995983279],[141.631722659,38.970704297],[141.624024034,38.999248802],[141.6733378340001,39.0035935140001],[141.668032438,38.97690455],[141.705977951,38.942270712],[141.713777743,38.986604577],[141.743859027,38.991908595],[141.75906952000003,39.01888463100005],[141.85160893600016,39.02950580200002],[141.84464985700015,39.07636309900005],[141.860010506,39.103999378],[141.897057315,39.118341432],[141.887354903,39.155755559],[141.920882166,39.182213387],[141.89345786000013,39.19981935999999],[141.93688470799998,39.22374611700002],[141.89894268500018,39.258155450000004],[141.92579289200012,39.28543958600011],[141.9082514790001,39.30866689200013],[141.97024275,39.31298836000008],[141.915316822,39.345621667],[141.95743569400008,39.355993333000015],[141.937987938,39.384816576999924],[141.95293814500008,39.399354468000126],[142.031200441,39.416118171],[142.059460363,39.469850721],[142.035134137,39.482421333],[141.979510921,39.438965856],[141.955931012,39.475120811],[142.010554643,39.499880414],[142.033440545,39.529361793],[142.071875551,39.545212919],[142.033675473,39.573896369],[142.016333774,39.654092252],[141.95782924800017,39.585748586000136],[141.96400407300007,39.63897036900005],[141.986376057,39.68293336],[141.989736654,39.76708653200012],[141.97851034999997,39.8306877390001]]]},"properties":{"N03_001":"岩手県"}},
{"type":"Feature","geometry":{"type":"Polygon","coordinates":[[[140.586151855,38.440528865],[140.563237198,38.377195414],[140.521668054,38.349667171],[140.530660947,38.325204225],[140.49259358,38.302687586],[140.49694834,38.283143505],[140.472533217,38.252230414],[140.4801507,38.182135027],[140.445911725,38.143604865],[140.445685253,38.129854775],[140.417405888,38.102919387],[140.417674163,38.080335279],[140.37498083,38.057439171],[140.277090363,38.056160667],[140.289544527,38.007095468],[140.280002581,37.976644414],[140.348590895,37.950157279],[140.409211894,37.963742279],[140.474879831,37.946782225],[140.484176498,37.901527198],[140.487883256,37.899850775],[140.575314669,37.914480559],[140.598409248,37.907640694],[140.618622724,37.912515802],[140.688544942,37.889134694],[140.679504838,37.836851946],[140.694373333,37.803264973],[140.775219559,37.781816586],[140.810754163,37.79562436],[140.851716809,37.795308054],[140.854177445,37.841929775],[140.856251414,37.890900054],[140.897262114,37.902650838],[140.931086732,37.896183441],[140.91510773,37.993557586],[140.921975486,38.046986477],[140.941429922,38.131770243],[140.96171600499997,38.174215468],[141.02852262,38.282255811],[141.031313178,38.280708523],[141.029572918,38.27556527],[141.04030904,38.272696045],[141.043462879,38.276814495],[141.084657017,38.292864865],[141.076396524,38.319574153],[141.035914397,38.307018342],[141.036490856,38.339645595],[141.059430156,38.350574351],[141.087535032,38.381683333],[141.126392153,38.379933532],[141.132221505,38.36018382],[141.248340065,38.405670234],[141.356575188,38.414160622],[141.366553307,38.386095694],[141.402453917,38.39928958600012],[141.43736175100003,38.38213670300013],[141.44822854699999,38.35065187399999],[141.509021051,38.296713649],[141.540631115,38.316677027],[141.50241752300008,38.38204355900001],[141.506178846,38.39757718900012],[141.46332990899998,38.433300604000124],[141.50196551200008,38.45075678400008],[141.496028314,38.480049],[141.486881193,38.501876414],[141.546282218,38.523729649],[141.533790415,38.540508333],[141.486466602,38.539839883],[141.487543645,38.583546775],[141.525027691,38.610930279],[141.528464682,38.630269144],[141.47671845700006,38.64515350500005],[141.457737224,38.670104793],[141.557732179,38.705746387],[141.565824578,38.737244495],[141.530228612,38.748573703],[141.520414021,38.788462],[141.591757354,38.825245838],[141.583409637,38.848487595],[141.593714345,38.889748766],[141.63729939,38.893710667],[141.650639831,38.917090333],[141.631722659,38.970704297],[141.566994332,38.995983279],[141.483533969,38.978166694],[141.489088833,38.907033748],[141.450693139,38.875143532],[141.463890584,38.853011081],[141.410132477,38.76781436],[141.414863995,38.786202081],[141.353067977,38.812403946],[141.304549754,38.79346036],[141.269065305,38.793448865],[141.257335227,38.762388225],[141.215838612,38.748470559],[141.180970999,38.784525667],[141.15730214,38.782625423],[141.102779611,38.830628946],[141.146782698,38.856266775],[141.139479689,38.877488532],[141.091695188,38.887428559],[140.984297977,38.876192],[140.961519416,38.905727667],[140.910374189,38.92744436],[140.875725032,38.930986748],[140.824058106,38.964119838],[140.773590169,38.958084468],[140.755625447,38.958207946],[140.707388301,38.920355613],[140.645014475,38.888634505],[140.609552802,38.89242936],[140.562168003,38.873155586],[140.547116446,38.889207802],[140.538781829,38.871386865],[140.598548444,38.825964667],[140.603526161,38.783705198],[140.636359533,38.762156694],[140.60700214,38.703300108],[140.623986329,38.691438135],[140.60201978,38.640603919],[140.546533087,38.649680838],[140.537640026,38.633839532],[140.578643307,38.568071306],[140.554084501,38.540758973],[140.573688638,38.494911225],[140.59765131,38.487369171],[140.620039637,38.455198333],[140.619679053,38.454691973],[140.586151855,38.440528865]]]},"properties":{"N03_001":"宮城県"}},
{"type":"Feature","geometry":{"type":"Polygon","coordinates":[[[140.059656939,39.597787586],[140.045032088,39.498699],[140.021518755,39.405633441],[139.980115227,39.31309145],[139.92857406,39.288369135],[139.89258197100003,39.20874866700012],[139.90495208799996,39.18151646799993],[139.869589857,39.118258171],[139.948052244,39.117166694],[139.994446719,39.10551564],[140.007766394,39.123040279],[140.062439196,39.13349864],[140.062456861,39.092885027],[140.102723722,39.083101027],[140.15080297,39.049179279],[140.20114856,39.059677135],[140.200601777,39.035704414],[140.26210847,39.034733586],[140.310722529,39.013589225],[140.329102477,39.034802171],[140.361430143,39.024382586],[140.374578949,38.995711946],[140.43185856,38.991902],[140.449582503,38.945595027],[140.492293696,38.902212613],[140.494322387,38.898996225],[140.547116446,38.889207802],[140.562168003,38.873155586],[140.609552802,38.89242936],[140.645014475,38.888634505],[140.707388301,38.920355613],[140.755625447,38.958207946],[140.773590169,38.958084468],[140.764406524,39.000365946],[140.784928949,39.019713559],[140.805178029,39.052024],[140.799976913,39.07654436],[140.752906278,39.086016333],[140.769980752,39.124164865],[140.749726161,39.140410802],[140.773877445,39.167592387],[140.807857691,39.178383108],[140.766618301,39.208525441],[140.788662387,39.238428667],[140.717828716,39.272608838],[140.693585888,39.299592973],[140.703236109,39.34358564],[140.656170973,39.389145919],[140.681096446,39.418385946],[140.676987419,39.448403892],[140.698154423,39.467784694],[140.736562996,39.521441802],[140.730359416,39.565842721],[140.754296719,39.570719505],[140.795313411,39.602992586],[140.820215227,39.652763135],[140.822589144,39.687880306],[140.794460584,39.709596],[140.797522581,39.741176586],[140.841647302,39.804920892],[140.786766446,39.823352171],[140.782236355,39.867848586],[140.828513748,39.884803865],[140.877884086,39.874291135],[140.847935305,39.959332973],[140.855365837,40.046698865],[140.844477808,40.074590946],[140.877331115,40.098086252],[140.867202555,40.130627279],[140.88315131,40.153582027],[140.859259974,40.171584505],[140.892362529,40.192279468],[140.90548083,40.222137667],[140.955073891,40.247628135],[140.945710467,40.258074919],[140.968558029,40.337492135],[140.995244747,40.355243586],[140.987282166,40.395034081],[140.982543139,40.412035559],[140.985173281,40.42708036],[140.926774189,40.421106],[140.861322607,40.440629306],[140.880061505,40.510246171],[140.845020947,40.507359694],[140.810628975,40.487129667],[140.807715253,40.457808586],[140.762713696,40.451247252],[140.675873969,40.412876],[140.645232918,40.403090505],[140.589730506,40.436112919],[140.532181608,40.411280225],[140.477647056,40.453074775],[140.443823671,40.450633667],[140.437206031,40.478256],[140.386963139,40.487056613],[140.34780847,40.467547694],[140.335216083,40.439383441],[140.298870752,40.44625236],[140.220168833,40.431145505],[140.147244086,40.438126027],[140.107616031,40.435896135],[140.068345837,40.468856532],[140.001031751,40.432893108],[139.93630978,40.428203838],[139.980164189,40.387823946],[140.013442361,40.371703721],[140.026090078,40.338675667],[140.015750882,40.264400784],[139.972684034,40.125108604],[139.945374254,40.073031703],[139.872738638,39.988770748000036],[139.79774383899996,39.9568000540001],[139.76571900099998,39.97486527900014],[139.693242918,39.99563172100005],[139.71345741900006,39.91861322500006],[139.76147131000005,39.86219433299999],[139.82130258100005,39.85870787400012],[139.866073281,39.897614865000094],[139.92491725000002,39.89950350500004],[139.96817980499998,39.880223054],[140.01932275,39.830606748],[140.034042918,39.804487586],[140.059252568,39.720663252],[140.059656939,39.597787586]]]},"properties":{"N03_001":"秋田県"}},
{"type":"Feature","geometry":{"type":"Polygon","coordinates":[[[140.521668054,38.349667171],[140.563237198,38.377195414],[140.586151855,38.440528865],[140.619679053,38.454691973],[140.620039637,38.455198333],[140.59765131,38.487369171],[140.573688638,38.494911225],[140.554084501,38.540758973],[140.578643307,38.568071306],[140.537640026,38.633839532],[140.546533087,38.649680838],[140.60201978,38.640603919],[140.623986329,38.691438135],[140.60700214,38.703300108],[140.636359533,38.762156694],[140.603526161,38.783705198],[140.598548444,38.825964667],[140.538781829,38.871386865],[140.547116446,38.889207802],[140.494322387,38.898996225],[140.492293696,38.902212613],[140.449582503,38.945595027],[140.43185856,38.991902],[140.374578949,38.995711946],[140.361430143,39.024382586],[140.329102477,39.034802171],[140.310722529,39.013589225],[140.26210847,39.034733586],[140.200601777,39.035704414],[140.20114856,39.059677135],[140.15080297,39.049179279],[140.102723722,39.083101027],[140.062456861,39.092885027],[140.062439196,39.13349864],[140.007766394,39.123040279],[139.994446719,39.10551564],[139.948052244,39.117166694],[139.869589857,39.118258171],[139.879364475,39.096711505],[139.840231219,38.98511436],[139.810259754,38.929203279],[139.761767185,38.80024045],[139.698775499,38.731190198],[139.610157004,38.66949136],[139.547810804,38.55294773],[139.640520506,38.510832054],[139.720721971,38.496345505],[139.720132866,38.450692081],[139.705885279,38.407578468],[139.73287834,38.371417081],[139.789643307,38.348710532],[139.816491336,38.356012333],[139.874814721,38.316774252],[139.899904669,38.275805694],[139.860185331,38.231066225],[139.781171193,38.194240946],[139.713223917,38.20664436],[139.684726978,38.159420892],[139.692146693,38.113001],[139.672343969,38.076932775],[139.692725525,38.05702864],[139.657559364,38.037398721],[139.639340195,37.984366946],[139.639385642,37.934716532],[139.624989922,37.91839464],[139.629317082,37.893657468],[139.680829196,37.846950865],[139.706168106,37.855928306],[139.715636524,37.854158279],[139.71599869,37.847019694],[139.731790661,37.83079664],[139.782414747,37.832040468],[139.804129001,37.806273],[139.855985499,37.825882892],[139.880071803,37.810105946],[139.937264163,37.828195306],[139.992568755,37.758699532],[140.037498054,37.767979973],[140.086783748,37.757995252],[140.127371051,37.733917919],[140.171936524,37.756043171],[140.237254864,37.746468468],[140.28221131,37.798229054],[140.262115966,37.834416306],[140.267131284,37.917583306],[140.280002581,37.976644414],[140.289544527,38.007095468],[140.277090363,38.056160667],[140.37498083,38.057439171],[140.417674163,38.080335279],[140.417405888,38.102919387],[140.445685253,38.129854775],[140.445911725,38.143604865],[140.4801507,38.182135027],[140.472533217,38.252230414],[140.49694834,38.283143505],[140.49259358,38.302687586],[140.530660947,38.325204225],[140.521668054,38.349667171]]]},"properties":{"N03_001":"山形県"}},
{"type":"Feature","geometry":{"type":"Polygon","coordinates":[[[140.474879831,37.946782225],[140.409211894,37.963742279],[140.348590895,37.950157279],[140.280002581,37.976644414],[140.267131284,37.917583306],[140.262115966,37.834416306],[140.28221131,37.798229054],[140.237254864,37.746468468],[140.171936524,37.756043171],[140.127371051,37.733917919],[140.086783748,37.757995252],[140.037498054,37.767979973],[139.992568755,37.758699532],[139.937264163,37.828195306],[139.880071803,37.810105946],[139.855985499,37.825882892],[139.804129001,37.806273],[139.782414747,37.832040468],[139.731790661,37.83079664],[139.71599869,37.847019694],[139.715636524,37.854158279],[139.706168106,37.855928306],[139.680829196,37.846950865],[139.681852802,37.84674336],[139.710689805,37.854393838],[139.720555616,37.839568027],[139.741505383,37.817712775],[139.728332438,37.812241414],[139.657887665,37.755007468],[139.600923307,37.668830559],[139.549321219,37.64909336],[139.548507782,37.609865],[139.57040297,37.579512468],[139.570199144,37.539063919],[139.585105772,37.512897054],[139.457198755,37.517867559],[139.41421642,37.508297468],[139.397512698,37.459839171],[139.326471115,37.462386252],[139.251219611,37.452440135],[139.222998859,37.448616306],[139.197246329,37.41076664000013],[139.237791634,37.37364864],[139.212289974,37.286208973],[139.17468978,37.256348946],[139.165904086,37.232165586],[139.194794669,37.203962559],[139.237875383,37.187838171],[139.252985668,37.161254081],[139.235373165,37.113943613],[139.259555422,37.04329764],[139.243366641,37.01513464],[139.251162529,36.962031667],[139.231895966,36.940527225],[139.393289196,36.910795505],[139.456675162,36.953835919],[139.459931336,36.969653919],[139.494286589,36.967933414],[139.664953969,37.040530973],[139.711005837,37.068421721],[139.752711894,37.070587306],[139.777858223,37.088829279],[139.822092996,37.085136865],[139.815188807,37.116150694],[139.86628939,37.147227892],[139.961261193,37.153295748],[139.967322049,37.14779464],[140.024448638,37.143007027],[140.102672114,37.121047892],[140.150794137,37.094329171],[140.19306214,37.065503505],[140.199271894,37.028413252],[140.248932438,37.025873919],[140.251390078,37.009185586],[140.243037328,36.943486252],[140.264256524,36.933315387],[140.283573891,36.935245027],[140.365211829,36.884324946],[140.377206083,36.837924694],[140.439485746,36.820486],[140.46372489,36.791602306],[140.528199805,36.843641387],[140.567468716,36.863200919],[140.591875422,36.872916865],[140.565655811,36.916433865],[140.568147302,36.937369559],[140.586113022,36.945284279],[140.614703891,36.904506135],[140.647381751,36.900996892],[140.793392257,36.859206595],[140.800915694,36.894314712],[140.826602944,36.912733685],[140.915200402,36.936432243],[140.965075603,36.969755306],[140.982782374,36.995133694],[140.972721154,37.022619847],[140.982720039,37.089278378],[140.999297406,37.110774532],[141.000425953,37.183643234],[141.013128508,37.241068162],[141.028121077,37.316395126],[141.03558489,37.373108811],[141.034845045,37.426890045],[141.036552815,37.466356315],[141.034209754,37.513651126],[141.011318521,37.72180755],[140.990948379,37.767781351],[140.986393969,37.823687063],[140.959169079,37.841485135],[140.931086732,37.896183441],[140.897262114,37.902650838],[140.856251414,37.890900054],[140.854177445,37.841929775],[140.851716809,37.795308054],[140.810754163,37.79562436],[140.775219559,37.781816586],[140.694373333,37.803264973],[140.679504838,37.836851946],[140.688544942,37.889134694],[140.618622724,37.912515802],[140.598409248,37.907640694],[140.575314669,37.914480559],[140.487883256,37.899850775],[140.484176498,37.901527198],[140.474879831,37.946782225]]]},"properties":{"N03_001":"福島県"}},
{"type":"Feature","geometry":{"type":"Polygon","coordinates":[[[140.716405577,36.692723847],[140.733149261,36.74865582],[140.768486615,36.818328973],[140.791318171,36.829744505],[140.793392257,36.859206595],[140.647381751,36.900996892],[140.614703891,36.904506135],[140.586113022,36.945284279],[140.568147302,36.937369559],[140.565655811,36.916433865],[140.591875422,36.872916865],[140.567468716,36.863200919],[140.528199805,36.843641387],[140.46372489,36.791602306],[140.439485746,36.820486],[140.377206083,36.837924694],[140.365211829,36.884324946],[140.283573891,36.935245027],[140.264256524,36.933315387],[140.248718145,36.908859559],[140.251536005,36.852457],[140.265691777,36.828978333],[140.253814721,36.783655054],[140.262206278,36.748283667],[140.292162387,36.712661333],[140.233391608,36.700247054],[140.221565837,36.674286225],[140.240930311,36.650922802],[140.234695668,36.623850838],[140.254550947,36.522404559],[140.230643722,36.502974108],[140.20287655,36.454437279],[140.202044747,36.432811468],[140.185157471,36.398337667],[140.144261479,36.414044667],[140.111221167,36.398055306],[140.066503722,36.403813468],[140.041467302,36.375228559],[139.965284838,36.367478694],[139.964501414,36.350941748],[139.913026835,36.33498436],[139.903009079,36.298642441],[139.849952698,36.311789468],[139.821609196,36.239702838],[139.785699805,36.227797306],[139.727542023,36.205842667],[139.688846887,36.202073],[139.687943839,36.199681333],[139.703030895,36.145101081],[139.710133917,36.135944694],[139.727060506,36.107539441],[139.728305422,36.090139441],[139.776217224,36.090767414],[139.786775668,36.104099892],[139.820170311,36.05717936],[139.878244527,36.007604973],[139.884163645,35.988828081],[139.923662244,35.97044364],[139.934038366,35.968375306],[139.951899922,35.935846946],[139.995202944,35.909566586],[140.031106641,35.900612306],[140.127141725,35.870855892],[140.146469663,35.845718135],[140.167779468,35.845457027],[140.213645772,35.862005081],[140.243617419,35.855399838],[140.289363165,35.871425946],[140.323052776,35.866059306],[140.375885331,35.902367892],[140.378961479,35.903129838],[140.434802633,35.911753748],[140.487176394,35.928592],[140.511244643,35.958735414],[140.598861284,35.903165802],[140.630686161,35.859124198],[140.647833476,35.855712505],[140.686836394,35.847763838],[140.720702166,35.813472613],[140.741666667,35.785148721],[140.81535153,35.741514505],[140.851974384,35.744667072],[140.82531966300007,35.76048258600002],[140.741921336,35.867103919],[140.707878223,35.921359225],[140.677530272,35.912276414],[140.653527769,35.928309613],[140.6557911540001,35.929231117000086],[140.69404163399997,35.9333999640001],[140.684896641,35.964434027],[140.658109533,35.992464306],[140.611255707,36.082151865],[140.57444083,36.175134288],[140.55955475999997,36.25578464000006],[140.56053710800006,36.291673117000016],[140.59432199699995,36.336307883000075],[140.627315668,36.377156559],[140.610117328,36.427242252],[140.613909261,36.481646117],[140.652843281,36.572941135],[140.716405577,36.692723847]]]},"properties":{"N03_001":"茨城県"}},
{"type":"Feature","geometry":{"type":"Polygon","coordinates":[[[139.536463139,36.281725559],[139.589751051,36.268624865],[139.616954501,36.274044027],[139.658944449,36.231413279],[139.664425473,36.207060802],[139.687943839,36.199681333],[139.688846887,36.202073],[139.727542023,36.205842667],[139.785699805,36.227797306],[139.821609196,36.239702838],[139.849952698,36.311789468],[139.903009079,36.298642441],[139.913026835,36.33498436],[139.964501414,36.350941748],[139.965284838,36.367478694],[140.041467302,36.375228559],[140.066503722,36.403813468],[140.111221167,36.398055306],[140.144261479,36.414044667],[140.185157471,36.398337667],[140.202044747,36.432811468],[140.20287655,36.454437279],[140.230643722,36.502974108],[140.254550947,36.522404559],[140.234695668,36.623850838],[140.240930311,36.650922802],[140.221565837,36.674286225],[140.233391608,36.700247054],[140.292162387,36.712661333],[140.262206278,36.748283667],[140.253814721,36.783655054],[140.265691777,36.828978333],[140.251536005,36.852457],[140.248718145,36.908859559],[140.264256524,36.933315387],[140.243037328,36.943486252],[140.251390078,37.009185586],[140.248932438,37.025873919],[140.199271894,37.028413252],[140.19306214,37.065503505],[140.150794137,37.094329171],[140.102672114,37.121047892],[140.024448638,37.143007027],[139.967322049,37.14779464],[139.961261193,37.153295748],[139.86628939,37.147227892],[139.815188807,37.116150694],[139.822092996,37.085136865],[139.777858223,37.088829279],[139.752711894,37.070587306],[139.711005837,37.068421721],[139.664953969,37.040530973],[139.494286589,36.967933414],[139.459931336,36.969653919],[139.456675162,36.953835919],[139.393289196,36.910795505],[139.358205694,36.872210198],[139.352618301,36.849071586],[139.406699559,36.826940108],[139.353056861,36.773608919],[139.370277224,36.744951892],[139.336918366,36.692129775],[139.328148885,36.633421667],[139.352288418,36.615090279],[139.426864838,36.601133108],[139.465357523,36.606493721],[139.482634449,36.578163441],[139.451100636,36.549707027],[139.417928145,36.494639225],[139.436474721,36.465975306],[139.406504034,36.445709775],[139.360977717,36.383680279],[139.370346355,36.366081802],[139.422792503,36.332256198],[139.415699611,36.315869559],[139.4436493,36.288360946],[139.463877886,36.271520946],[139.500124137,36.276093108],[139.536463139,36.281725559]]]},"properties":{"N03_001":"栃木県"}},
{"type":"Feature","geometry":{"type":"Polygon","coordinates":[[[139.129663891,36.283397559],[139.169470052,36.274752838],[139.171367562,36.273721721],[139.243748716,36.244511135],[139.27264939,36.249241414],[139.327880337,36.239876387],[139.358232996,36.253328],[139.382918833,36.237869108],[139.416866329,36.217958027],[139.444204643,36.196789694],[139.493468444,36.192166135],[139.495516783,36.19257864],[139.535218612,36.192942892],[139.587932218,36.210342054],[139.609883606,36.196808135],[139.664425473,36.207060802],[139.658944449,36.231413279],[139.616954501,36.274044027],[139.589751051,36.268624865],[139.536463139,36.281725559],[139.500124137,36.276093108],[139.463877886,36.271520946],[139.4436493,36.288360946],[139.415699611,36.315869559],[139.422792503,36.332256198],[139.370346355,36.366081802],[139.360977717,36.383680279],[139.406504034,36.445709775],[139.436474721,36.465975306],[139.417928145,36.494639225],[139.451100636,36.549707027],[139.482634449,36.578163441],[139.465357523,36.606493721],[139.426864838,36.601133108],[139.352288418,36.615090279],[139.328148885,36.633421667],[139.336918366,36.692129775],[139.370277224,36.744951892],[139.353056861,36.773608919],[139.406699559,36.826940108],[139.352618301,36.849071586],[139.358205694,36.872210198],[139.393289196,36.910795505],[139.231895966,36.940527225],[139.180314254,36.964521919],[139.179446615,36.990758],[139.09701616100006,37.05862635099999],[139.09119489,37.01996945899998],[139.03032687400014,36.98370261300005],[138.969846472,36.981414045],[138.963801556,36.952769604],[138.97916847,36.891176279],[138.932442542,36.893550964],[138.917168249,36.870372901],[138.929067224,36.832643802],[138.879530182,36.824977171],[138.829101621,36.795369874],[138.817770285,36.761585793],[138.789419481,36.744873856],[138.72702735400014,36.76416890999997],[138.695931543,36.738512748],[138.642078275,36.723782964],[138.543638975,36.703834667],[138.53433804199994,36.66626880200005],[138.525113009,36.651260441],[138.459056083,36.634838126],[138.441583178,36.610669568],[138.412388431,36.541486333],[138.39706329399996,36.489170838000064],[138.400970713,36.434735342],[138.457715279,36.411574341999994],[138.506790195,36.413930423],[138.51988320400017,36.40673989200002],[138.57093849500018,36.41956403600011],[138.6078663290001,36.423187901000006],[138.64442276299997,36.41143927900009],[138.648387458,36.40746761300011],[138.653451803,36.303043775],[138.600335525,36.278399946],[138.611870389,36.229391306],[138.636707004,36.204270414],[138.637104968,36.174884838],[138.577274864,36.168073198],[138.600662023,36.135626225],[138.645098145,36.119632027],[138.630739144,36.091377027],[138.644171115,36.049570171],[138.631487912,36.028278802],[138.688695383,35.991774667],[138.712550052,35.985333],[138.754411193,36.034525973],[138.828394721,36.037302532],[138.82911167299994,36.041312505000064],[138.846037056,36.066625000000045],[138.897858781,36.090654613],[138.931076329,36.088119532],[138.959618145,36.123992306],[138.976492892,36.117210586],[139.015621946,36.134069252],[139.042404254,36.128459532],[139.06056131,36.152263225],[139.056385837,36.180519667],[139.096514747,36.238247838],[139.107711556,36.261354225],[139.129663891,36.283397559]]]},"properties":{"N03_001":"群馬県"}},
{"type":"Feature","geometry":{"type":"Polygon","coordinates":[[[139.327880337,36.239876387],[139.27264939,36.249241414],[139.243748716,36.244511135],[139.171367562,36.273721721],[139.169470052,36.274752838],[139.129663891,36.283397559],[139.107711556,36.261354225],[139.096514747,36.238247838],[139.056385837,36.180519667],[139.06056131,36.152263225],[139.042404254,36.128459532],[139.015621946,36.134069252],[138.976492892,36.117210586],[138.959618145,36.123992306],[138.931076329,36.088119532],[138.897858781,36.090654613],[138.846037056,36.066625000000045],[138.82911167299994,36.041312505000064],[138.828394721,36.037302532],[138.754411193,36.034525973],[138.712550052,35.985333],[138.739254332,35.939108054],[138.729011284,35.909220613],[138.789115058,35.893241667],[138.813604864,35.862367775],[138.862661479,35.858761108],[138.892038495,35.839845252],[138.943933411,35.854818802],[138.954394617,35.874178532],[139.023560441,35.897358441],[139.049842088,35.878832919],[139.10028192,35.867188748],[139.163530661,35.850868171],[139.192441505,35.840271532],[139.281845772,35.839519613],[139.316106005,35.818766],[139.330365837,35.793616865],[139.3814793,35.774270802],[139.379025668,35.771196919],[139.391684553,35.763354135],[139.440771946,35.767002198],[139.496779105,35.778700225],[139.541695227,35.807306802],[139.542978949,35.779807414],[139.516374916,35.765573279],[139.544584358,35.754760775],[139.562785837,35.761595225],[139.594143528,35.778703505],[139.597200752,35.778366],[139.624713917,35.779825694],[139.646301699,35.797869252],[139.696859689,35.798904],[139.69767192,35.798444559],[139.738049079,35.780220694],[139.767614942,35.817684],[139.821055616,35.815077],[139.846747756,35.796506414],[139.85879917,35.794438919],[139.893778054,35.782746387],[139.888514501,35.830197973],[139.899209274,35.866856505],[139.874755668,35.912940081],[139.849291025,35.938348414],[139.833331414,35.968967027],[139.814259248,35.997061225],[139.806949105,36.043167775],[139.789511608,36.061828865],[139.776217224,36.090767414],[139.728305422,36.090139441],[139.727060506,36.107539441],[139.710133917,36.135944694],[139.703030895,36.145101081],[139.687943839,36.199681333],[139.664425473,36.207060802],[139.609883606,36.196808135],[139.587932218,36.210342054],[139.535218612,36.192942892],[139.495516783,36.19257864],[139.493468444,36.192166135],[139.444204643,36.196789694],[139.416866329,36.217958027],[139.382918833,36.237869108],[139.358232996,36.253328],[139.327880337,36.239876387]]]},"properties":{"N03_001":"埼玉県"}},
{"type":"Feature","geometry":{"type":"Polygon","coordinates":[[[140.115489092,35.55060136],[140.061308301,35.543726838],[140.012118444,35.485188279],[140.022741401,35.467551054],[140.006549105,35.479291045],[139.965828936,35.46855545],[139.948610558,35.442181486],[139.903279896,35.431473477],[139.9109508560001,35.380706972999974],[139.887519663,35.361489649],[139.85215751,35.349313108],[139.822964656,35.344445378],[139.81505669299997,35.30551774800006],[139.85283883300008,35.28488608100014],[139.866710441,35.219384279],[139.824043645,35.197772441],[139.818151803,35.154876532],[139.838951362,35.129413982],[139.836062853,35.099657757],[139.82147703,35.072221486],[139.833054734,35.032280108],[139.85803454,35.01102136],[139.796899883,34.973805712],[139.824517393,34.911262207],[139.845493619,34.902817901],[139.916508379,34.906443685],[139.963653178,34.942285766],[139.960741608,34.967675054],[139.978795499,35.008367072],[140.037676563,35.052018856],[140.07529167300004,35.057544838000126],[140.105172088,35.101941108],[140.134424034,35.121687054],[140.190237562,35.127143748],[140.211805214,35.114466477],[140.257869689,35.137945865],[140.325194864,35.139659721],[140.346771803,35.176143757],[140.384776913,35.192338829],[140.40486153,35.237221225],[140.400060026,35.269436432],[140.414486991,35.304327135],[140.39765118,35.330505505],[140.392338638,35.383062811],[140.397032737,35.418768333],[140.415920104,35.471622685],[140.43048179,35.498138748],[140.470090039,35.547212802],[140.525624903,35.602120279],[140.559441894,35.627904982],[140.62498192,35.672658514],[140.664603113,35.691676838],[140.714559637,35.700432505],[140.76097013,35.698002766],[140.816274682,35.713241928],[140.861594955,35.695015874],[140.870697211,35.733337856],[140.851974384,35.744667072],[140.81535153,35.741514505],[140.741666667,35.785148721],[140.720702166,35.813472613],[140.686836394,35.847763838],[140.647833476,35.855712505],[140.630686161,35.859124198],[140.598861284,35.903165802],[140.511244643,35.958735414],[140.487176394,35.928592],[140.434802633,35.911753748],[140.378961479,35.903129838],[140.375885331,35.902367892],[140.323052776,35.866059306],[140.289363165,35.871425946],[140.243617419,35.855399838],[140.213645772,35.862005081],[140.167779468,35.845457027],[140.146469663,35.845718135],[140.127141725,35.870855892],[140.031106641,35.900612306],[139.995202944,35.909566586],[139.951899922,35.935846946],[139.934038366,35.968375306],[139.923662244,35.97044364],[139.884163645,35.988828081],[139.878244527,36.007604973],[139.820170311,36.05717936],[139.786775668,36.104099892],[139.776217224,36.090767414],[139.789511608,36.061828865],[139.806949105,36.043167775],[139.814259248,35.997061225],[139.833331414,35.968967027],[139.849291025,35.938348414],[139.874755668,35.912940081],[139.899209274,35.866856505],[139.888514501,35.830197973],[139.893778054,35.782746387],[139.889982283,35.750765027],[139.890443917,35.750275865],[139.916210921,35.708001387],[139.886070778,35.671136414],[139.874131803,35.640012559],[139.897569416,35.616671991],[139.939445759,35.640517396],[139.918281971,35.655460532],[139.963249442,35.681449703],[140.001943463,35.665596135],[140.019651907,35.652477829],[140.083907082,35.596796865],[140.110574099,35.589540937],[140.115489092,35.55060136]]]},"properties":{"N03_001":"千葉県"}},
{"type":"Feature","geometry":{"type":"MultiPolygon","coordinates":[[[[139.805614189,35.596159045],[139.805832477,35.585447748],[139.827062309,35.596938207],[139.807435499,35.597142955],[139.805614189,35.596159045]]],[[[139.849441167,35.642761505],[139.874131803,35.640012559],[139.886070778,35.671136414],[139.916210921,35.708001387],[139.890443917,35.750275865],[139.889982283,35.750765027],[139.893778054,35.782746387],[139.85879917,35.794438919],[139.846747756,35.796506414],[139.821055616,35.815077],[139.767614942,35.817684],[139.738049079,35.780220694],[139.69767192,35.798444559],[139.696859689,35.798904],[139.646301699,35.797869252],[139.624713917,35.779825694],[139.597200752,35.778366],[139.594143528,35.778703505],[139.562785837,35.761595225],[139.544584358,35.754760775],[139.516374916,35.765573279],[139.542978949,35.779807414],[139.541695227,35.807306802],[139.496779105,35.778700225],[139.440771946,35.767002198],[139.391684553,35.763354135],[139.379025668,35.771196919],[139.3814793,35.774270802],[139.330365837,35.793616865],[139.316106005,35.818766],[139.281845772,35.839519613],[139.192441505,35.840271532],[139.163530661,35.850868171],[139.10028192,35.867188748],[139.049842088,35.878832919],[139.023560441,35.897358441],[138.954394617,35.874178532],[138.943933411,35.854818802],[138.962195331,35.82960764],[138.983772996,35.769475414],[139.011881479,35.738863225],[139.012290921,35.738669054],[139.022528366,35.721991333],[139.131341388,35.671994586],[139.161603671,35.667906586],[139.179162802,35.645567748],[139.268799494,35.609354532],[139.337891064,35.604346928],[139.408976861,35.57533],[139.455766252,35.520467694],[139.467722529,35.502373306],[139.486470999,35.520301081],[139.469926252,35.569893252],[139.482867951,35.571383838],[139.507013307,35.575821892],[139.449280584,35.611776054],[139.464158197,35.624514414],[139.49488131,35.617390748],[139.525388755,35.642647613],[139.561970636,35.632590694],[139.590235551,35.618430775],[139.655138638,35.59014636],[139.676406693,35.566038306],[139.726111894,35.543470414],[139.776496381,35.53447],[139.785436524,35.570560559],[139.74654131,35.590169063],[139.75025297,35.624823523],[139.76453120000008,35.65611727800007],[139.789592425,35.65625936],[139.840977886,35.642980414],[139.849441167,35.642761505]],[[139.84554297,35.656716775],[139.84568661499998,35.658333171000095],[139.85,35.656541135],[139.84554297,35.656716775]]],[[[139.768732464,35.626435676],[139.773440895,35.620266468],[139.782376342,35.629508604],[139.768732464,35.626435676]]],[[[139.375,34.697579387],[139.43868489,34.678668802],[139.449541089,34.698275559],[139.433200999,34.772364973],[139.360424384,34.798864721],[139.350395279,34.783876306],[139.352503969,34.719165225],[139.375,34.697579387]]],[[[139.125,34.189680279],[139.174656355,34.20660164],[139.170348054,34.231116829],[139.143199442,34.243781775],[139.125,34.189680279]]],[[[139.5,34.046761198],[139.528628197,34.046767468],[139.562719637,34.068701162],[139.558959027,34.110892306],[139.539335058,34.123814252],[139.492791193,34.11962736],[139.474007367,34.078347441],[139.5,34.046761198]]],[[[139.625,33.883896108],[139.605414112,33.900788441],[139.578089416,33.882468288],[139.57919463,33.860416721],[139.620012283,33.851848378],[139.625,33.883896108]]],[[[139.780192244,33.083333333],[139.820010337,33.057906162],[139.857397886,33.098386486],[139.81721594,33.120498865],[139.775950039,33.156259153],[139.739813489,33.131416667],[139.780192244,33.083333333]]],[[[141.285115901,24.75],[141.345756563,24.772989595],[141.337179598,24.808816568],[141.289963113,24.794878811],[141.285115901,24.75]]],[[[142.20836153,27.083333333],[142.188943969,27.048599829],[142.222740195,27.044229667],[142.232855032,27.077508162],[142.20836153,27.083333333]]]]},"properties":{"N03_001":"東京都"}},
{"type":"Feature","geometry":{"type":"Polygon","coordinates":[[[139.711456654,35.490800856],[139.791560195,35.513378441],[139.776496381,35.53447],[139.726111894,35.543470414],[139.676406693,35.566038306],[139.655138638,35.59014636],[139.590235551,35.618430775],[139.561970636,35.632590694],[139.525388755,35.642647613],[139.49488131,35.617390748],[139.464158197,35.624514414],[139.449280584,35.611776054],[139.507013307,35.575821892],[139.482867951,35.571383838],[139.469926252,35.569893252],[139.486470999,35.520301081],[139.467722529,35.502373306],[139.455766252,35.520467694],[139.408976861,35.57533],[139.337891064,35.604346928],[139.268799494,35.609354532],[139.179162802,35.645567748],[139.161603671,35.667906586],[139.131341388,35.671994586],[139.117263774,35.654896532],[139.133714773,35.615810748],[139.128410921,35.562647721],[139.111960778,35.549793559],[139.085789974,35.512086306],[139.066038223,35.509408225],[139.027549442,35.480967802],[138.988821582,35.473640586],[138.937315227,35.448806946],[138.916402918,35.400613613],[139.001797056,35.398935198],[139.018528495,35.329845721],[139.004612244,35.289898027],[138.993186031,35.284884721],[138.976074112,35.235552838],[139.001594137,35.189805333],[139.013829442,35.182367838],[139.026535305,35.175426441],[139.030427951,35.149752802],[139.111596667,35.141366937],[139.137357639,35.148573387],[139.137197626,35.178816018],[139.148182088,35.238647477],[139.234080804,35.286442919],[139.269274773,35.297288009],[139.330042944,35.312118874],[139.374360739,35.315332604],[139.438044838,35.31914555],[139.488670091,35.307588333],[139.551905473,35.299405775],[139.569686122,35.285022063],[139.578053489,35.25337054100004],[139.599835058,35.238887387],[139.615716654,35.189934144],[139.625,35.138132748],[139.66909917,35.141972252],[139.66478269799995,35.19306018900011],[139.72497741900008,35.2119119730001],[139.73955219200013,35.26140674800001],[139.69098760100007,35.266569351000044],[139.64324630400006,35.298384775000045],[139.631602724,35.325204847],[139.656953333,35.341934865],[139.636507198,35.390326991],[139.669554553,35.402876946],[139.690613891,35.439223973],[139.635511686,35.455432577],[139.64465655,35.475978613],[139.681774384,35.472890414],[139.711456654,35.490800856]]]},"properties":{"N03_001":"神奈川県"}},
{"type":"Feature","geometry":{"type":"MultiPolygon","coordinates":[[[[138.785549676,37.707240027],[138.766901608,37.644153982],[138.726662737,37.578071081],[138.71308902700002,37.558625613000004],[138.66021505800006,37.52352411700002],[138.617598067,37.47320409],[138.58784415,37.420833324],[138.551897717,37.375792586],[138.485762581,37.346214586],[138.418097276,37.306586577],[138.28539585,37.204071045],[138.231679351,37.174168297],[138.151632153,37.161131477],[138.101788054,37.174057919],[138.06776904,37.148166631],[138.048715331,37.127909694],[138.005080778,37.115233027],[137.912478288,37.060909189],[137.700429377,36.99445127],[137.634983878,36.979798649],[137.720455901,36.926690261],[137.712982737,36.893758667],[137.732065188,36.873687892],[137.731990182,36.823640279],[137.76244428,36.766155568],[137.764845953,36.767693063],[137.819982088,36.798222108],[137.877849922,36.873189838],[137.874649624,36.915853306],[137.919741466,36.919870252],[138.013737367,36.90402118],[138.031061582,36.891361685],[138.00346096,36.826414],[138.068167665,36.803837802],[138.089164332,36.835733577],[138.115052231,36.850392685],[138.162817964,36.84429755],[138.213034021,36.868296324],[138.268356368,36.860457369],[138.274901323,36.840854613],[138.296234929,36.858253189],[138.296325331,36.910820369],[138.343204099,36.920797009],[138.378695188,36.980437414],[138.393829494,36.99511927],[138.455131712,37.019614874],[138.519858833,37.027826027],[138.524667497,37.030378108],[138.565888573,37.021260712],[138.588164812,36.97693773],[138.584517302,36.931890703],[138.623421349,36.884664423],[138.6884503110001,36.86062756800004],[138.6903533200001,36.84565892799998],[138.69578796400015,36.80905625199995],[138.6695435800001,36.773660900999914],[138.695931543,36.738512748],[138.72702735400014,36.76416890999997],[138.789419481,36.744873856],[138.817770285,36.761585793],[138.829101621,36.795369874],[138.879530182,36.824977171],[138.929067224,36.832643802],[138.917168249,36.870372901],[138.932442542,36.893550964],[138.97916847,36.891176279],[138.963801556,36.952769604],[138.969846472,36.981414045],[139.03032687400014,36.98370261300005],[139.09119489,37.01996945899998],[139.09701616100006,37.05862635099999],[139.179446615,36.990758],[139.180314254,36.964521919],[139.231895966,36.940527225],[139.251162529,36.962031667],[139.243366641,37.01513464],[139.259555422,37.04329764],[139.235373165,37.113943613],[139.252985668,37.161254081],[139.237875383,37.187838171],[139.194794669,37.203962559],[139.165904086,37.232165586],[139.17468978,37.256348946],[139.212289974,37.286208973],[139.237791634,37.37364864],[139.197246329,37.41076664000013],[139.222998859,37.448616306],[139.251219611,37.452440135],[139.326471115,37.462386252],[139.397512698,37.459839171],[139.41421642,37.508297468],[139.457198755,37.517867559],[139.585105772,37.512897054],[139.570199144,37.539063919],[139.57040297,37.579512468],[139.548507782,37.609865],[139.549321219,37.64909336],[139.600923307,37.668830559],[139.657887665,37.755007468],[139.728332438,37.812241414],[139.741505383,37.817712775],[139.720555616,37.839568027],[139.710689805,37.854393838],[139.681852802,37.84674336],[139.680829196,37.846950865],[139.629317082,37.893657468],[139.624989922,37.91839464],[139.639385642,37.934716532],[139.639340195,37.984366946],[139.657559364,38.037398721],[139.692725525,38.05702864],[139.672343969,38.076932775],[139.692146693,38.113001],[139.684726978,38.159420892],[139.713223917,38.20664436],[139.781171193,38.194240946],[139.860185331,38.231066225],[139.899904669,38.275805694],[139.874814721,38.316774252],[139.816491336,38.356012333],[139.789643307,38.348710532],[139.73287834,38.371417081],[139.705885279,38.407578468],[139.720132866,38.450692081],[139.720721971,38.496345505],[139.640520506,38.510832054],[139.547810804,38.55294773],[139.455037198,38.389820532000044],[139.449233268,38.234302288],[139.40903381299995,38.14976302250011],[139.346352568,38.078000568],[139.313573113,38.049467739],[139.28841917,38.030475495],[139.225536472,37.991975027],[139.233070804,37.96576655],[139.221251699,37.989405054],[139.12964118,37.960179748],[139.094407925,37.958529748],[138.869623346,37.838724595],[138.81926208800007,37.79315018900007],[138.785549676,37.707240027]]],[[[138.213241777,37.833333333],[138.215131323,37.810515541],[138.249666602,37.803085505],[138.304400636,37.826617405],[138.35956061,37.830483721],[138.427249624,37.879768279],[138.470664475,37.897027351],[138.502864475,37.943911108],[138.572565422,38.062302342],[138.568704384,38.08395564],[138.480183722,38.062328865],[138.436534553,38.082124946],[138.4351623350001,38.11484617100001],[138.491142815,38.202205495],[138.508067276,38.263462838],[138.510653995,38.331082838],[138.453079494,38.308451505],[138.428660999,38.254322973],[138.40504834,38.249530387],[138.351095383,38.204399225],[138.326245447,38.193984802],[138.29004561600004,38.13386936000006],[138.27097730200012,38.12157936],[138.23319022,38.062193667],[138.234628755,37.983869919],[138.306499663,38.005316135],[138.34130754900002,37.977841747999946],[138.32931980500007,37.94979220700003],[138.278460169,37.907465153],[138.289855188,37.885459324],[138.269208949,37.847838514],[138.213241777,37.833333333]]]]},"properties":{"N03_001":"新潟県"}},
{"type":"Feature","geometry":{"type":"Polygon","coordinates":[[[137.180129754,36.757959099],[137.121918301,36.77946718],[137.103898067,36.769717063],[137.092461725,36.771964153],[137.06814848199997,36.79391109900001],[137.016769702,36.829385667],[136.985220804,36.869161676],[137.032609611,36.923852135],[137.051698444,36.959173441],[136.985882114,36.965159027],[136.927623333,36.947617279],[136.885668197,36.913786054],[136.873396719,36.867650613],[136.84874655,36.812884135],[136.850833217,36.786927432],[136.845121012,36.75567827],[136.833457977,36.743080459],[136.789854137,36.717456468],[136.822549468,36.680613],[136.78613380000002,36.62961038700013],[136.78950085600002,36.60541577500004],[136.817114578,36.55279036],[136.7951062,36.510807802],[136.795205694,36.443399198],[136.778176472,36.430882505],[136.805971699,36.355399946],[136.784469144,36.34227936],[136.792287082,36.299211027],[136.826568171,36.302583054],[136.842487134,36.333257532],[136.907474228,36.360841559],[136.954896887,36.339350441],[136.971117082,36.315543198],[136.975305772,36.274364027],[137.002557497,36.286895946],[137.052278249,36.329505613],[137.05844732800017,36.37197508100013],[137.09488265899995,36.38396671200013],[137.1596965760001,36.456444171000044],[137.21319068699995,36.437971324000046],[137.27777328100012,36.46481599100014],[137.31678242500016,36.46098899999993],[137.31952975399997,36.4244578470001],[137.394874384,36.455574477],[137.410160156,36.424630856],[137.460828923,36.412236189],[137.511721012,36.42344927],[137.539972931,36.392700207],[137.587347082,36.389800631],[137.633304189,36.42502245],[137.655067678,36.458726081],[137.652000519,36.488200432],[137.703656874,36.526684261],[137.687737484,36.562074766],[137.753096887,36.593722559],[137.746778184,36.624556198],[137.760600117,36.664585387],[137.750063839,36.704980171],[137.75413013,36.754030829],[137.76244428,36.766155568],[137.731990182,36.823640279],[137.732065188,36.873687892],[137.712982737,36.893758667],[137.720455901,36.926690261],[137.634983878,36.979798649],[137.542809559,36.961061658],[137.490642892,36.954182577],[137.426144656,36.922211459],[137.409809546,36.89881255],[137.409639572,36.860984297],[137.382264202,36.800362261],[137.316010752,36.75859682],[137.2428431,36.765565171],[137.180129754,36.757959099]]]},"properties":{"N03_001":"富山県"}},
{"type":"Feature","geometry":{"type":"MultiPolygon","coordinates":[[[[136.78613380000002,36.62961038700013],[136.822549468,36.680613],[136.789854137,36.717456468],[136.833457977,36.743080459],[136.845121012,36.75567827],[136.850833217,36.786927432],[136.84874655,36.812884135],[136.873396719,36.867650613],[136.885668197,36.913786054],[136.927623333,36.947617279],[136.985882114,36.965159027],[137.051698444,36.959173441],[137.0455348380001,37.03773558600011],[137.05446105099998,37.0751130000001],[137.021149494,37.100439279],[137.00240875500003,37.06618364000008],[136.975620182,37.047733234],[136.916190532,37.091218793],[136.883998846,37.068170685],[136.867634423,37.111037189],[136.89285822300008,37.11838269399999],[136.889108171,37.168930288],[136.951172283,37.221823405],[137.010965863,37.183530667],[137.068093346,37.21888364],[137.083287964,37.248142991],[137.098983684,37.279045054],[137.163625837,37.304704108],[137.234413139,37.297810045],[137.263773268,37.325372793],[137.239027665,37.373229405],[137.251543839,37.425612432],[137.267479792,37.436892432],[137.348985927,37.443333649],[137.340752503,37.482241631],[137.352194994,37.50440773000008],[137.32358425400002,37.52898235100008],[137.27808862500012,37.532642162000116],[137.179978742,37.499911748],[137.127053995,37.49412145],[137.085469987,37.46631735099999],[136.92633958500005,37.3955278200001],[136.87957642000003,37.40669615300004],[136.84346703,37.40031345],[136.775812724,37.366803207],[136.721886109,37.323764892],[136.733032555,37.284552072],[136.69608678300017,37.21963918],[136.67936513600011,37.205359117],[136.67640865099997,37.13786705400008],[136.7273129570001,37.135158577000084],[136.72381601799998,37.053269703000126],[136.768425473,37.000041541],[136.768448275,36.963676333],[136.749964358,36.927219658],[136.767808171,36.903486631],[136.757932412,36.866107288],[136.724382685,36.789833072],[136.669418573,36.701029054],[136.618241219,36.639046685],[136.557064423,36.56774509],[136.465102036,36.471799883],[136.426222905,36.43031109],[136.37233083,36.38341382],[136.299638495,36.351703306],[136.243860285,36.295299342],[136.268267665,36.269270613],[136.302114034,36.25751564],[136.332403359,36.229586225],[136.329400532,36.202018694],[136.344118249,36.172979748],[136.409306161,36.172226802],[136.440389468,36.137358946],[136.491694643,36.15828964],[136.511944332,36.146273279],[136.55183131,36.154908081],[136.642073359,36.098072054],[136.658675837,36.069507387],[136.754284449,36.086290225],[136.764956783,36.105608279],[136.780734747,36.141377748],[136.765992049,36.160876081],[136.799436446,36.181306586],[136.850401673,36.251920694],[136.81457869,36.266402],[136.792287082,36.299211027],[136.784469144,36.34227936],[136.805971699,36.355399946],[136.778176472,36.430882505],[136.795205694,36.443399198],[136.7951062,36.510807802],[136.817114578,36.55279036],[136.78950085600002,36.60541577500004],[136.78613380000002,36.62961038700013]]],[[[137,37.138814432],[136.979014682,37.146763667],[136.906891375,37.133261523],[136.970202802,37.097506117],[137,37.138814432]]]]},"properties":{"N03_001":"石川県"}},
{"type":"Feature","geometry":{"type":"Polygon","coordinates":[[[135.964372918,35.997514207],[135.957689585,35.981768279],[135.996708885,35.935878613],[135.998256135,35.883965009],[136.011229689,35.872357775],[136.070309948,35.824832],[136.09831022,35.765238414],[136.098566861,35.726314],[136.078536615,35.703561225],[136.071848664,35.660677252],[136.026530363,35.679095081],[136.041009027,35.69863036],[136.019985473,35.763662505],[135.964586355,35.730111946],[135.977565162,35.686693667],[135.966820272,35.659694838],[135.985590441,35.643194586],[135.913498638,35.60939391],[135.870151336,35.608303748],[135.846134449,35.635495414],[135.814642892,35.64224964],[135.853518586,35.603070946],[135.839692892,35.563147721],[135.815184332,35.571648937],[135.833734643,35.53590336],[135.788456887,35.531420468],[135.75883131,35.542571865],[135.735829689,35.571347946],[135.690067912,35.548777387],[135.751975162,35.532062838],[135.737468949,35.494414468],[135.645166965,35.47860391],[135.605226628,35.483690126],[135.60629297,35.490261793],[135.602529468,35.513892108],[135.574882866,35.493380586],[135.536140078,35.488866387],[135.507308975,35.505702225],[135.518316913,35.549614081],[135.486599637,35.557936333],[135.460484578,35.548456892],[135.4499262,35.520796081],[135.476303165,35.489681081],[135.470321751,35.454487198],[135.48608869,35.448599135],[135.527022633,35.418415225],[135.534502049,35.377439135],[135.642364423,35.366715252],[135.700986472,35.343686946],[135.718938495,35.3553],[135.768785305,35.356014468],[135.79089358,35.386638919],[135.810760272,35.409466694],[135.853133385,35.411536973],[135.890570078,35.403175],[135.914162244,35.432106108],[135.916009831,35.470578306],[135.947022361,35.520475532],[135.96257978,35.501333027],[136.006664916,35.491819441],[136.026532477,35.529496694],[136.105623113,35.528818414],[136.112599053,35.573410946],[136.166466005,35.582654468],[136.177485525,35.594983865],[136.14781511,35.662519919],[136.15034834,35.697715414],[136.185284747,35.703726198],[136.280742114,35.658630865],[136.326960078,35.731517027],[136.327947834,35.775101865],[136.35708869,35.786831613],[136.415965888,35.782445802],[136.461580584,35.778713865],[136.513708833,35.762248333],[136.525236083,35.78796664],[136.572323774,35.778044108],[136.652510999,35.79872536],[136.666135422,35.785136441],[136.710047912,35.792043252],[136.724517691,35.808147586],[136.789253191,35.799395081],[136.802290895,35.844026441],[136.832362866,35.857443441],[136.813702581,35.910922694],[136.752865357,35.956459919],[136.749693333,35.990900198],[136.727079494,35.995615559],[136.735395357,36.047892468],[136.764256835,36.067682414],[136.754284449,36.086290225],[136.658675837,36.069507387],[136.642073359,36.098072054],[136.55183131,36.154908081],[136.511944332,36.146273279],[136.491694643,36.15828964],[136.440389468,36.137358946],[136.409306161,36.172226802],[136.344118249,36.172979748],[136.329400532,36.202018694],[136.332403359,36.229586225],[136.302114034,36.25751564],[136.268267665,36.269270613],[136.243860285,36.295299342],[136.18318511,36.257619775],[136.123397497,36.250029694],[136.132017082,36.213922054],[136.100029001,36.172893414],[136.093367082,36.15322464],[136.035854747,36.102423973],[135.997557782,36.019176946],[135.964372918,35.997514207]]]},"properties":{"N03_001":"福井県"}},
{"type":"Feature","geometry":{"type":"Polygon","coordinates":[[[138.621594163,35.870447532],[138.592429637,35.918276721],[138.49767153,35.911406171],[138.45422192,35.903206225],[138.454333411,35.938306198],[138.424193191,35.958974802],[138.370460415,35.97138064],[138.360346446,35.957211198],[138.324318171,35.902329865],[138.283640778,35.859315721],[138.248603606,35.885924559],[138.187785032,35.799952919],[138.198320856,35.781557387],[138.229558054,35.753045171],[138.180856083,35.711237694],[138.19330214,35.67226464],[138.218670661,35.644549306],[138.228367613,35.645956505],[138.244448911,35.563461748],[138.259482218,35.552978667],[138.257880752,35.476017532],[138.2443393,35.45412336],[138.258097717,35.407394225],[138.232017082,35.371224838],[138.25125572,35.363529],[138.25791655,35.316471279],[138.335637834,35.326495586],[138.37247869,35.299410946],[138.367031855,35.270188198],[138.386152283,35.246243532],[138.398697108,35.200269946],[138.430941751,35.180386919],[138.491492244,35.168384441],[138.522421414,35.199157775],[138.532275032,35.223390838],[138.514242827,35.262230802],[138.512093191,35.313555252],[138.5350862,35.330564721],[138.528171051,35.379046946],[138.531827004,35.409408919],[138.581888249,35.445728333],[138.609136031,35.393176387],[138.638954942,35.398282775],[138.67118297,35.39283],[138.680535616,35.357678333],[138.730781414,35.362798613],[138.862401777,35.390079721],[138.916402918,35.400613613],[138.937315227,35.448806946],[138.988821582,35.473640586],[139.027549442,35.480967802],[139.066038223,35.509408225],[139.085789974,35.512086306],[139.111960778,35.549793559],[139.128410921,35.562647721],[139.133714773,35.615810748],[139.117263774,35.654896532],[139.131341388,35.671994586],[139.022528366,35.721991333],[139.012290921,35.738669054],[139.011881479,35.738863225],[138.983772996,35.769475414],[138.962195331,35.82960764],[138.943933411,35.854818802],[138.892038495,35.839845252],[138.862661479,35.858761108],[138.813604864,35.862367775],[138.789115058,35.893241667],[138.729011284,35.909220613],[138.707970195,35.909636441],[138.660946252,35.873890027],[138.621594163,35.870447532]]]},"properties":{"N03_001":"山梨県"}},
{"type":"Feature","geometry":{"type":"Polygon","coordinates":[[[138.00346096,36.826414],[138.031061582,36.891361685],[138.013737367,36.90402118],[137.919741466,36.919870252],[137.874649624,36.915853306],[137.877849922,36.873189838],[137.819982088,36.798222108],[137.764845953,36.767693063],[137.76244428,36.766155568],[137.75413013,36.754030829],[137.750063839,36.704980171],[137.760600117,36.664585387],[137.746778184,36.624556198],[137.753096887,36.593722559],[137.687737484,36.562074766],[137.703656874,36.526684261],[137.652000519,36.488200432],[137.655067678,36.458726081],[137.633304189,36.42502245],[137.587347082,36.389800631],[137.645607043,36.34126082],[137.64782061,36.289051748],[137.628797808,36.278365919],[137.583025383,36.220396468],[137.591222477,36.164117054],[137.567892944,36.153376198],[137.550857523,36.109875081],[137.572348612,36.088592081],[137.608225331,36.077931865],[137.59949406,36.025936081],[137.59029594,36.006541108],[137.543458029,35.982870802],[137.518884254,35.939733919],[137.483431284,35.913788108],[137.476169001,35.894017306],[137.437614137,35.905050865],[137.380816161,35.892422225],[137.356776744,35.842732279],[137.326028975,35.812128135],[137.36028594,35.795968441],[137.399947912,35.775396252],[137.459572698,35.761403559],[137.487626783,35.716483865],[137.509425331,35.682379198],[137.545447497,35.651082279],[137.513808781,35.608022838],[137.538303748,35.584797306],[137.570432698,35.579897306],[137.574508495,35.544529252],[137.607256083,35.533543414],[137.631755006,35.509175613],[137.629591336,35.477383414],[137.593148975,35.446917586],[137.633689222,35.399035108],[137.575227782,35.400008721],[137.598387198,35.379181775],[137.601548197,35.331038441],[137.575009585,35.316975387],[137.561984254,35.289317054],[137.550417224,35.242905108],[137.578725837,35.219435135],[137.578655227,35.198469054],[137.653509805,35.217549054],[137.663788716,35.227834892],[137.707713865,35.232017387],[137.721894747,35.230758225],[137.800424643,35.205651027],[137.838115668,35.212466586],[137.872546135,35.218880198],[137.89542594,35.257988505],[138.01877489,35.301072027],[138.06133594,35.347198892],[138.087483865,35.33800036],[138.115142581,35.364873946],[138.141143671,35.369492613],[138.15254808,35.397983946],[138.12152083,35.428556667],[138.120472633,35.454608892],[138.156913061,35.459980838],[138.157988911,35.494294468],[138.138332218,35.522211748],[138.159424501,35.544932333],[138.151810363,35.570959865],[138.184398975,35.573091775],[138.218670661,35.644549306],[138.19330214,35.67226464],[138.180856083,35.711237694],[138.229558054,35.753045171],[138.198320856,35.781557387],[138.187785032,35.799952919],[138.248603606,35.885924559],[138.283640778,35.859315721],[138.324318171,35.902329865],[138.360346446,35.957211198],[138.370460415,35.97138064],[138.424193191,35.958974802],[138.454333411,35.938306198],[138.45422192,35.903206225],[138.49767153,35.911406171],[138.592429637,35.918276721],[138.621594163,35.870447532],[138.660946252,35.873890027],[138.707970195,35.909636441],[138.729011284,35.909220613],[138.739254332,35.939108054],[138.712550052,35.985333],[138.688695383,35.991774667],[138.631487912,36.028278802],[138.644171115,36.049570171],[138.630739144,36.091377027],[138.645098145,36.119632027],[138.600662023,36.135626225],[138.577274864,36.168073198],[138.637104968,36.174884838],[138.636707004,36.204270414],[138.611870389,36.229391306],[138.600335525,36.278399946],[138.653451803,36.303043775],[138.648387458,36.40746761300011],[138.64442276299997,36.41143927900009],[138.6078663290001,36.423187901000006],[138.57093849500018,36.41956403600011],[138.51988320400017,36.40673989200002],[138.506790195,36.413930423],[138.457715279,36.411574341999994],[138.400970713,36.434735342],[138.39706329399996,36.489170838000064],[138.412388431,36.541486333],[138.441583178,36.610669568],[138.459056083,36.634838126],[138.525113009,36.651260441],[138.53433804199994,36.66626880200005],[138.543638975,36.703834667],[138.642078275,36.723782964],[138.695931543,36.738512748],[138.6695435800001,36.773660900999914],[138.69578796400015,36.80905625199995],[138.6903533200001,36.84565892799998],[138.6884503110001,36.86062756800004],[138.623421349,36.884664423],[138.584517302,36.931890703],[138.588164812,36.97693773],[138.565888573,37.021260712],[138.524667497,37.030378108],[138.519858833,37.027826027],[138.455131712,37.019614874],[138.393829494,36.99511927],[138.378695188,36.980437414],[138.343204099,36.920797009],[138.296325331,36.910820369],[138.296234929,36.858253189],[138.274901323,36.840854613],[138.268356368,36.860457369],[138.213034021,36.868296324],[138.162817964,36.84429755],[138.115052231,36.850392685],[138.089164332,36.835733577],[138.068167665,36.803837802],[138.00346096,36.826414]]]},"properties":{"N03_001":"長野県"}},
{"type":"Feature","geometry":{"type":"Polygon","coordinates":[[[136.527667951,35.25753264],[136.536336809,35.250200946],[136.561745383,35.205525919],[136.5943393,35.180925108],[136.615552114,35.149928505],[136.672777717,35.134777135],[136.679875188,35.228205441],[136.677874643,35.24105764],[136.704576057,35.275576586],[136.753946161,35.344893802],[136.794063722,35.366068225],[136.834039001,35.35594464],[136.892717756,35.378089],[136.921450026,35.379029532],[136.96111703,35.414582108],[136.993215642,35.424195775],[136.978576693,35.406420225],[137.002123748,35.381480613],[137.047621699,35.364692946],[137.046311336,35.339541333],[137.081310661,35.292190838],[137.096279274,35.290701108],[137.13159428,35.293627802],[137.176093165,35.270382802],[137.189488145,35.252569198],[137.224574553,35.256492532],[137.275788807,35.290612721],[137.308081051,35.291155694],[137.385120246,35.258703946],[137.388193554,35.240119802],[137.424915227,35.226880946],[137.561984254,35.289317054],[137.575009585,35.316975387],[137.601548197,35.331038441],[137.598387198,35.379181775],[137.575227782,35.400008721],[137.633689222,35.399035108],[137.593148975,35.446917586],[137.629591336,35.477383414],[137.631755006,35.509175613],[137.607256083,35.533543414],[137.574508495,35.544529252],[137.570432698,35.579897306],[137.538303748,35.584797306],[137.513808781,35.608022838],[137.545447497,35.651082279],[137.509425331,35.682379198],[137.487626783,35.716483865],[137.459572698,35.761403559],[137.399947912,35.775396252],[137.36028594,35.795968441],[137.326028975,35.812128135],[137.356776744,35.842732279],[137.380816161,35.892422225],[137.437614137,35.905050865],[137.476169001,35.894017306],[137.483431284,35.913788108],[137.518884254,35.939733919],[137.543458029,35.982870802],[137.59029594,36.006541108],[137.59949406,36.025936081],[137.608225331,36.077931865],[137.572348612,36.088592081],[137.550857523,36.109875081],[137.567892944,36.153376198],[137.591222477,36.164117054],[137.583025383,36.220396468],[137.628797808,36.278365919],[137.64782061,36.289051748],[137.645607043,36.34126082],[137.587347082,36.389800631],[137.539972931,36.392700207],[137.511721012,36.42344927],[137.460828923,36.412236189],[137.410160156,36.424630856],[137.394874384,36.455574477],[137.31952975399997,36.4244578470001],[137.31678242500016,36.46098899999993],[137.27777328100012,36.46481599100014],[137.21319068699995,36.437971324000046],[137.1596965760001,36.456444171000044],[137.09488265899995,36.38396671200013],[137.05844732800017,36.37197508100013],[137.052278249,36.329505613],[137.002557497,36.286895946],[136.975305772,36.274364027],[136.971117082,36.315543198],[136.954896887,36.339350441],[136.907474228,36.360841559],[136.842487134,36.333257532],[136.826568171,36.302583054],[136.792287082,36.299211027],[136.81457869,36.266402],[136.850401673,36.251920694],[136.799436446,36.181306586],[136.765992049,36.160876081],[136.780734747,36.141377748],[136.764956783,36.105608279],[136.754284449,36.086290225],[136.764256835,36.067682414],[136.735395357,36.047892468],[136.727079494,35.995615559],[136.749693333,35.990900198],[136.752865357,35.956459919],[136.813702581,35.910922694],[136.832362866,35.857443441],[136.802290895,35.844026441],[136.789253191,35.799395081],[136.724517691,35.808147586],[136.710047912,35.792043252],[136.666135422,35.785136441],[136.652510999,35.79872536],[136.572323774,35.778044108],[136.525236083,35.78796664],[136.513708833,35.762248333],[136.461580584,35.778713865],[136.415965888,35.782445802],[136.35708869,35.786831613],[136.327947834,35.775101865],[136.326960078,35.731517027],[136.280742114,35.658630865],[136.288559416,35.620588171],[136.323675914,35.616516441],[136.322750441,35.570007054],[136.345882088,35.536108667],[136.373564189,35.559394171],[136.40229,35.513252387],[136.387833748,35.496832748],[136.426169053,35.448160973],[136.41180808,35.418598054],[136.444351829,35.389425108],[136.411911777,35.369895973],[136.422325058,35.348389613],[136.402657224,35.300451892],[136.391728586,35.287111333],[136.379743307,35.240937468],[136.415130506,35.217743586],[136.465822698,35.237476586],[136.50598489,35.235060721],[136.527667951,35.25753264]]]},"properties":{"N03_001":"岐阜県"}},
{"type":"Feature","geometry":{"type":"Polygon","coordinates":[[[138.218670661,35.644549306],[138.184398975,35.573091775],[138.151810363,35.570959865],[138.159424501,35.544932333],[138.138332218,35.522211748],[138.157988911,35.494294468],[138.156913061,35.459980838],[138.120472633,35.454608892],[138.12152083,35.428556667],[138.15254808,35.397983946],[138.141143671,35.369492613],[138.115142581,35.364873946],[138.087483865,35.33800036],[138.06133594,35.347198892],[138.01877489,35.301072027],[137.89542594,35.257988505],[137.872546135,35.218880198],[137.838115668,35.212466586],[137.810441946,35.174813892],[137.82186083,35.148007505],[137.77826834,35.099623054],[137.775674721,35.077981667],[137.740276109,35.056512505],[137.704919442,35.014756108],[137.708131673,34.994456946],[137.67549834,34.945350829],[137.659506109,34.944576387],[137.641251673,34.893083333],[137.565195279,34.852137495],[137.498877782,34.8268],[137.492942218,34.786866108],[137.474106939,34.749940559],[137.49179,34.702459721],[137.484963891,34.674105108],[137.597772257,34.677966883],[137.72322952,34.663042081],[137.798635396,34.646340009],[137.911932309,34.666481279],[137.970170363,34.665355865],[138.078252698,34.642328153],[138.191865863,34.600773495],[138.206880584,34.620348234],[138.195395746,34.664648108],[138.223629248,34.722404775],[138.245870091,34.740552667],[138.294263113,34.767374414],[138.337863696,34.830599468],[138.327543606,34.867264468],[138.348392776,34.898548892],[138.357447562,34.915044694],[138.411051608,34.940788775],[138.507509001,34.977592721],[138.53345655,35.01296464],[138.523690921,35.042669441],[138.558794721,35.101649441],[138.638537289,35.116491459],[138.708944578,35.136667559],[138.75252144,35.131510153],[138.833762218,35.103560306],[138.87611214,35.06596736],[138.892444747,35.031269532],[138.844341115,35.014365387],[138.783533333,35.024928198],[138.762381673,34.97169109],[138.776024968,34.939182865],[138.789269754,34.906390414],[138.75660511,34.885413532],[138.767146667,34.858595414],[138.7511622180001,34.820700559000045],[138.775658573,34.7625690270001],[138.74687221800002,34.73286527899995],[138.740699948,34.70031355],[138.777351634,34.675609802],[138.7759931,34.641175153],[138.84214751,34.601384081],[138.904778392,34.629245676],[138.918506213,34.652788045],[138.959238846,34.669719802],[138.992827004,34.717823541],[138.997585785,34.742046649],[139.025755486,34.764224658],[139.058089183,34.785482261],[139.082649533,34.852693694],[139.13206083,34.879726946],[139.144458132,34.956058559],[139.105754137,34.969874514],[139.08296821,35.000442036],[139.098569014,35.031432351],[139.069381336,35.054039892],[139.077070467,35.098142045],[139.111596667,35.141366937],[139.030427951,35.149752802],[139.026535305,35.175426441],[139.013829442,35.182367838],[139.001594137,35.189805333],[138.976074112,35.235552838],[138.993186031,35.284884721],[139.004612244,35.289898027],[139.018528495,35.329845721],[139.001797056,35.398935198],[138.916402918,35.400613613],[138.862401777,35.390079721],[138.730781414,35.362798613],[138.680535616,35.357678333],[138.67118297,35.39283],[138.638954942,35.398282775],[138.609136031,35.393176387],[138.581888249,35.445728333],[138.531827004,35.409408919],[138.528171051,35.379046946],[138.5350862,35.330564721],[138.512093191,35.313555252],[138.514242827,35.262230802],[138.532275032,35.223390838],[138.522421414,35.199157775],[138.491492244,35.168384441],[138.430941751,35.180386919],[138.398697108,35.200269946],[138.386152283,35.246243532],[138.367031855,35.270188198],[138.37247869,35.299410946],[138.335637834,35.326495586],[138.25791655,35.316471279],[138.25125572,35.363529],[138.232017082,35.371224838],[138.258097717,35.407394225],[138.2443393,35.45412336],[138.257880752,35.476017532],[138.259482218,35.552978667],[138.244448911,35.563461748],[138.228367613,35.645956505],[138.218670661,35.644549306]]]},"properties":{"N03_001":"静岡県"}},
{"type":"Feature","geometry":{"type":"Polygon","coordinates":[[[136.883963061,35.067267775],[136.852673502,35.015209279],[136.869788846,35.008360856],[136.820483774,34.966257081],[136.825000013,34.939359306],[136.821696031,34.884233198],[136.857215473,34.862080081],[136.86184441,34.814052973],[136.84204939,34.762356414],[136.851841375,34.748564883],[136.88936674400009,34.72109745900008],[136.94272294400002,34.70073816199999],[136.97376966299998,34.69941382900009],[136.96527072600009,34.73361190100013],[136.942140117,34.747435225],[136.914797977,34.770052306],[136.921319805,34.813247784],[136.940734617,34.86277455],[136.9693087160001,34.90121194599999],[136.975238223,34.932179198],[136.983245551,34.955807775],[136.977616005,34.907336153],[136.95528963699996,34.85484061300008],[136.970742866,34.820680306],[136.996974721,34.816471973],[137.025332348,34.77800755],[137.076262361,34.787057532],[137.088168612,34.776220532],[137.168394423,34.787623333],[137.222871362,34.816809559],[137.253191284,34.805896468],[137.298017562,34.810675252],[137.306454073,34.784482559],[137.321136498,34.771256],[137.30709348899995,34.679955937000045],[137.3009296890001,34.728071829000044],[137.28482700400014,34.730946775000064],[137.169840506,34.656519441],[137.119412049,34.634639027],[137.081570169,34.661810414],[137.059620558,34.653227721],[137.030248885,34.601061694],[137.038818366,34.578850414],[137.09469144,34.590773613],[137.142929637,34.590153892],[137.341359066,34.647526847],[137.484963891,34.674105108],[137.49179,34.702459721],[137.474106939,34.749940559],[137.492942218,34.786866108],[137.498877782,34.8268],[137.565195279,34.852137495],[137.641251673,34.893083333],[137.659506109,34.944576387],[137.67549834,34.945350829],[137.708131673,34.994456946],[137.704919442,35.014756108],[137.740276109,35.056512505],[137.775674721,35.077981667],[137.77826834,35.099623054],[137.82186083,35.148007505],[137.810441946,35.174813892],[137.838115668,35.212466586],[137.800424643,35.205651027],[137.721894747,35.230758225],[137.707713865,35.232017387],[137.663788716,35.227834892],[137.653509805,35.217549054],[137.578655227,35.198469054],[137.578725837,35.219435135],[137.550417224,35.242905108],[137.561984254,35.289317054],[137.424915227,35.226880946],[137.388193554,35.240119802],[137.385120246,35.258703946],[137.308081051,35.291155694],[137.275788807,35.290612721],[137.224574553,35.256492532],[137.189488145,35.252569198],[137.176093165,35.270382802],[137.13159428,35.293627802],[137.096279274,35.290701108],[137.081310661,35.292190838],[137.046311336,35.339541333],[137.047621699,35.364692946],[137.002123748,35.381480613],[136.978576693,35.406420225],[136.993215642,35.424195775],[136.96111703,35.414582108],[136.921450026,35.379029532],[136.892717756,35.378089],[136.834039001,35.35594464],[136.794063722,35.366068225],[136.753946161,35.344893802],[136.704576057,35.275576586],[136.677874643,35.24105764],[136.679875188,35.228205441],[136.672777717,35.134777135],[136.701418132,35.118612946],[136.714071673,35.105166946],[136.749573891,35.080728333],[136.770624008,35.021437883],[136.793880661,35.014462468],[136.806670052,35.051557586],[136.82470765200003,35.08023107200012],[136.85547955900017,35.056587639999975],[136.883963061,35.067267775]]]},"properties":{"N03_001":"愛知県"}},
{"type":"Feature","geometry":{"type":"Polygon","coordinates":[[[136.206247782,34.448677495],[136.158235551,34.449006387],[136.095898054,34.435221667],[136.069305837,34.389341108],[136.090806109,34.362546387],[136.129505279,34.316174441],[136.094903606,34.301451108],[136.131849442,34.251896387],[136.093449442,34.195698054],[136.112044721,34.167557775],[136.104505006,34.114157775],[136.093915837,34.066613892],[136.101062218,34.025762775],[136.055621673,34.035199441],[136.022982776,34.036521946],[136.003606939,34.009881387],[136.013363891,33.974231387],[135.985448612,33.968555559],[135.969764163,33.930024441],[135.929544163,33.941430559],[135.909083606,33.918474441],[135.88076083,33.909372225],[135.901313061,33.885406387],[135.874832218,33.861596387],[135.857921115,33.873152775],[135.855856109,33.820336387],[135.890913333,33.801678333],[135.90139834,33.780824441],[135.939933333,33.738586946],[136.011889961,33.72330073],[136.031515292,33.772288342],[136.066059351,33.840476108],[136.106694617,33.890093495],[136.136075694,33.888027108],[136.231955564,33.947609099],[136.270847639,33.971317054],[136.280887756,34.022682081],[136.244362607,34.038448333],[136.236429922,34.086784315],[136.254331556,34.088141793],[136.302373165,34.098835315],[136.276461051,34.139485],[136.302930947,34.179721081],[136.374493995,34.197471387],[136.430708288,34.219864108],[136.468144968,34.232480414],[136.492655694,34.225217495],[136.505651336,34.264390225],[136.570436355,34.288869279],[136.585853606,34.257467468],[136.654980558,34.287071279],[136.681471894,34.342866027],[136.71575426699997,34.3022243960001],[136.78709642,34.289207081],[136.765382996,34.260647],[136.84051428,34.252287468],[136.894702944,34.276950775],[136.878902672,34.325285667],[136.901154501,34.355520054],[136.870169351,34.387153982],[136.909002672,34.396345162],[136.923641414,34.421065532],[136.914999611,34.452299721],[136.868122633,34.455843892],[136.866559416,34.481104973],[136.816045357,34.485204207],[136.808900078,34.508265054],[136.765338223,34.513549775],[136.716008145,34.544496802],[136.660447964,34.566304279],[136.647056498,34.588842162],[136.603755512,34.600826712],[136.554985305,34.612251414],[136.549575499,34.63470045],[136.549327808,34.670816162],[136.521056524,34.698463027],[136.538713191,34.76409436],[136.570398742,34.804535847],[136.631570195,34.877805919],[136.642334643,34.900586441],[136.651824112,34.993302532],[136.673975759,35.006361649],[136.700346926,35.021041703],[136.749787665,35.036049387],[136.770624008,35.021437883],[136.749573891,35.080728333],[136.714071673,35.105166946],[136.701418132,35.118612946],[136.672777717,35.134777135],[136.615552114,35.149928505],[136.5943393,35.180925108],[136.561745383,35.205525919],[136.536336809,35.250200946],[136.527667951,35.25753264],[136.50598489,35.235060721],[136.465822698,35.237476586],[136.415130506,35.217743586],[136.408653333,35.187182775],[136.454653061,35.161417775],[136.441973333,35.086561108],[136.417853061,35.049502505],[136.418166667,35.018122775],[136.421168885,34.999633333],[136.415194721,34.984619441],[136.395259442,34.951881946],[136.372689728,34.942257495],[136.366097497,34.905006387],[136.283721673,34.870292225],[136.250675006,34.857728054],[136.198074449,34.869862225],[136.180778612,34.885789721],[136.131532776,34.883134162],[136.072993061,34.804212495],[136.022288885,34.791555279],[136.030203891,34.755905279],[136.055476394,34.738555559],[136.054855279,34.702922495],[136.085740272,34.676435],[136.064514721,34.651965],[136.062466939,34.619957775],[136.049767224,34.580270559],[136.106996394,34.556308054],[136.16168834,34.548297225],[136.167403061,34.520165279],[136.219775837,34.515885559],[136.206247782,34.448677495]]]},"properties":{"N03_001":"三重県"}},
{"type":"Feature","geometry":{"type":"Polygon","coordinates":[[[135.943235006,34.878177495],[135.946186939,34.851782495],[135.971471388,34.838494441],[136.005269728,34.843110279],[136.028458612,34.819115829],[136.022288885,34.791555279],[136.072993061,34.804212495],[136.131532776,34.883134162],[136.180778612,34.885789721],[136.198074449,34.869862225],[136.250675006,34.857728054],[136.283721673,34.870292225],[136.366097497,34.905006387],[136.372689728,34.942257495],[136.395259442,34.951881946],[136.415194721,34.984619441],[136.421168885,34.999633333],[136.418166667,35.018122775],[136.417853061,35.049502505],[136.441973333,35.086561108],[136.454653061,35.161417775],[136.408653333,35.187182775],[136.415130506,35.217743586],[136.379743307,35.240937468],[136.391728586,35.287111333],[136.402657224,35.300451892],[136.422325058,35.348389613],[136.411911777,35.369895973],[136.444351829,35.389425108],[136.41180808,35.418598054],[136.426169053,35.448160973],[136.387833748,35.496832748],[136.40229,35.513252387],[136.373564189,35.559394171],[136.345882088,35.536108667],[136.322750441,35.570007054],[136.323675914,35.616516441],[136.288559416,35.620588171],[136.280742114,35.658630865],[136.185284747,35.703726198],[136.15034834,35.697715414],[136.14781511,35.662519919],[136.177485525,35.594983865],[136.166466005,35.582654468],[136.112599053,35.573410946],[136.105623113,35.528818414],[136.026532477,35.529496694],[136.006664916,35.491819441],[135.96257978,35.501333027],[135.947022361,35.520475532],[135.916009831,35.470578306],[135.914162244,35.432106108],[135.890570078,35.403175],[135.853133385,35.411536973],[135.810760272,35.409466694],[135.79089358,35.386638919],[135.768785305,35.356014468],[135.795189728,35.321238892],[135.834608612,35.274079441],[135.860755279,35.28296],[135.830864163,35.222761387],[135.856153061,35.159436946],[135.834852503,35.055553892],[135.815901388,35.047369171],[135.852275279,34.971347495],[135.878441946,34.947434162],[135.866637224,34.892140279],[135.899669442,34.871404441],[135.943235006,34.878177495]]]},"properties":{"N03_001":"滋賀県"}},
{"type":"Feature","geometry":{"type":"Polygon","coordinates":[[[135.860755279,35.28296],[135.834608612,35.274079441],[135.795189728,35.321238892],[135.768785305,35.356014468],[135.718938495,35.3553],[135.700986472,35.343686946],[135.642364423,35.366715252],[135.534502049,35.377439135],[135.527022633,35.418415225],[135.48608869,35.448599135],[135.470321751,35.454487198],[135.476303165,35.489681081],[135.4499262,35.520796081],[135.460484578,35.548456892],[135.486599637,35.557936333],[135.450126394,35.594851387],[135.39013297,35.556547171],[135.33651077800005,35.53769386500005],[135.35499092099997,35.502378540999985],[135.288376628,35.516010009],[135.269298249,35.533340306],[135.189746524,35.566696775],[135.244756005,35.62068936],[135.274396641,35.667259739],[135.30865917,35.693763333],[135.273716109,35.739777505],[135.233108158,35.769360081],[135.196126719,35.767515054],[135.146752802,35.749885279],[135.085765966,35.739875613],[135.0852607,35.725775468],[135.014997886,35.690197468],[134.986448923,35.692112631],[134.963067886,35.662225306],[134.923345668,35.646369586],[134.86750473400014,35.658232368999876],[134.87389194599996,35.621052224999914],[134.85403527900007,35.58928305400008],[134.919291946,35.538121108],[134.930063891,35.511677225],[134.963435837,35.514524721],[134.993415279,35.534307775],[135.037103891,35.537264441],[135.049846394,35.450717505],[135.048743333,35.407361108],[134.990553606,35.385713054],[134.934354449,35.407405],[134.917205837,35.340158054],[134.937614449,35.307610559],[135.007322776,35.285583333],[135.049491388,35.261962775],[135.067874721,35.237351108],[135.109315837,35.266292225],[135.157253606,35.26123],[135.163067224,35.220090559],[135.20663,35.160614441],[135.224940558,35.163757775],[135.232029728,35.177456667],[135.289318885,35.172416946],[135.293745551,35.141569721],[135.326841673,35.149215838],[135.382220272,35.129798333],[135.391614163,35.098028054],[135.399535279,35.076099441],[135.371245551,35.045288892],[135.382072776,35.030898054],[135.38155083,35.010375279],[135.43618834,35.008406667],[135.481885551,34.995145559],[135.484626109,34.947409441],[135.525376667,34.928801667],[135.573116394,34.916830829],[135.563131388,34.953663892],[135.613263606,34.971195279],[135.62810834,34.933733333],[135.643159728,34.929713613],[135.667103333,34.904225829],[135.682694449,34.887842225],[135.679922218,34.881341387],[135.718697808,34.831820748],[135.746588612,34.801244441],[135.728634721,34.777998054],[135.736707782,34.751809721],[135.755513606,34.727531946],[135.778130272,34.723170559],[135.863309442,34.706240829],[135.890171115,34.709438892],[135.922068885,34.754756108],[135.969754163,34.740524162],[135.986161673,34.715306946],[136.026813061,34.706104721],[136.055476394,34.738555559],[136.030203891,34.755905279],[136.022288885,34.791555279],[136.028458612,34.819115829],[136.005269728,34.843110279],[135.971471388,34.838494441],[135.946186939,34.851782495],[135.943235006,34.878177495],[135.899669442,34.871404441],[135.866637224,34.892140279],[135.878441946,34.947434162],[135.852275279,34.971347495],[135.815901388,35.047369171],[135.834852503,35.055553892],[135.856153061,35.159436946],[135.830864163,35.222761387],[135.860755279,35.28296]]]},"properties":{"N03_001":"京都府"}},
{"type":"Feature","geometry":{"type":"MultiPolygon","coordinates":[[[[135.407294021,34.697096135],[135.418082698,34.659521775],[135.453574254,34.629224559],[135.437554682,34.608170757],[135.415762477,34.593728667],[135.41053904,34.560747315],[135.444786031,34.557220784],[135.437696757,34.541060486],[135.418876174,34.519482234],[135.37783,34.507845],[135.37087304149998,34.50039958599996],[135.359418003,34.459799225],[135.329049909,34.43432691],[135.288817977,34.403623883],[135.279801297,34.395392757],[135.250704228,34.376963189],[135.223431686,34.347542577],[135.193242296,34.337867333],[135.092835668,34.312007829],[135.110295551,34.273786387],[135.202652776,34.287621946],[135.208043061,34.308202495],[135.271041388,34.312465829],[135.282552218,34.317875559],[135.330408885,34.316701946],[135.338894163,34.334961667],[135.380344721,34.328444162],[135.409221388,34.341938054],[135.434290272,34.348226387],[135.44415917,34.347711946],[135.453127782,34.349861108],[135.485376109,34.362832495],[135.529150558,34.351430559],[135.57712083,34.376049441],[135.651128612,34.383206387],[135.663381946,34.396541387],[135.680003333,34.408325],[135.665329442,34.424240559],[135.682168885,34.464866387],[135.682167497,34.465245279],[135.675316667,34.505735],[135.66749834,34.530862225],[135.660142776,34.541070829],[135.653186667,34.54699],[135.673080272,34.570731108],[135.681758885,34.584778333],[135.651792503,34.60681],[135.658765551,34.614732495],[135.664287224,34.643275829],[135.671104163,34.661557495],[135.673135551,34.700080559],[135.673081946,34.701771387],[135.701691673,34.721680829],[135.696827782,34.743882225],[135.711968885,34.781331946],[135.728634721,34.777998054],[135.746588612,34.801244441],[135.718697808,34.831820748],[135.679922218,34.881341387],[135.682694449,34.887842225],[135.667103333,34.904225829],[135.643159728,34.929713613],[135.62810834,34.933733333],[135.613263606,34.971195279],[135.563131388,34.953663892],[135.573116394,34.916830829],[135.525376667,34.928801667],[135.484626109,34.947409441],[135.481885551,34.995145559],[135.43618834,35.008406667],[135.38155083,35.010375279],[135.382072776,35.030898054],[135.371245551,35.045288892],[135.339802776,35.025877225],[135.35471917,35.024611387],[135.345068612,34.966846108],[135.418484721,34.933894441],[135.467094449,34.928765559],[135.445131946,34.895440559],[135.43748917,34.877124721],[135.418637224,34.849469162],[135.423740272,34.802053333],[135.441143333,34.791888333],[135.444696667,34.768529162],[135.460295006,34.733135559],[135.407294021,34.697096135]]],[[[135.405261907,34.547233937],[135.417714501,34.524241919],[135.436363502,34.542583162],[135.426247523,34.547090459],[135.412199351,34.543534234],[135.405261907,34.547233937]]],[[[135.229325162,34.446049306],[135.218048833,34.438495865],[135.2288907,34.430925721],[135.230462477,34.429829225],[135.240340039,34.422894784],[135.251999909,34.429854829],[135.241604241,34.43730009],[135.239919559,34.438503279],[135.229325162,34.446049306]]]]},"properties":{"N03_001":"大阪府"}},
{"type":"Feature","geometry":{"type":"MultiPolygon","coordinates":[[[[135.303456796,34.719095126],[135.324344501,34.725843937],[135.372434137,34.693606198],[135.407294021,34.697096135],[135.460295006,34.733135559],[135.444696667,34.768529162],[135.441143333,34.791888333],[135.423740272,34.802053333],[135.418637224,34.849469162],[135.43748917,34.877124721],[135.445131946,34.895440559],[135.467094449,34.928765559],[135.418484721,34.933894441],[135.345068612,34.966846108],[135.35471917,35.024611387],[135.339802776,35.025877225],[135.371245551,35.045288892],[135.399535279,35.076099441],[135.391614163,35.098028054],[135.382220272,35.129798333],[135.326841673,35.149215838],[135.293745551,35.141569721],[135.289318885,35.172416946],[135.232029728,35.177456667],[135.224940558,35.163757775],[135.20663,35.160614441],[135.163067224,35.220090559],[135.157253606,35.26123],[135.109315837,35.266292225],[135.067874721,35.237351108],[135.049491388,35.261962775],[135.007322776,35.285583333],[134.937614449,35.307610559],[134.917205837,35.340158054],[134.934354449,35.407405],[134.990553606,35.385713054],[135.048743333,35.407361108],[135.049846394,35.450717505],[135.037103891,35.537264441],[134.993415279,35.534307775],[134.963435837,35.514524721],[134.930063891,35.511677225],[134.919291946,35.538121108],[134.85403527900007,35.58928305400008],[134.87389194599996,35.621052224999914],[134.86750473400014,35.658232368999876],[134.83939143999999,35.642906198000105],[134.795397523,35.669636252],[134.73320762599997,35.658451441000125],[134.680545136,35.655015414],[134.664016005,35.666794108],[134.629506835,35.642050613],[134.600727613,35.658034559],[134.563388807,35.655354748],[134.517295772,35.666215775],[134.453052672,35.628999865],[134.369944436,35.61458473],[134.408258612,35.587318333],[134.42506,35.552031387],[134.413102503,35.517599721],[134.434437497,35.470830559],[134.440100558,35.442804171],[134.477353606,35.429018613],[134.471384994,35.380032225],[134.502867782,35.365961387],[134.506838885,35.338521387],[134.515240558,35.277231946],[134.43531917,35.229172505],[134.402814449,35.241024441],[134.382516939,35.221724441],[134.382992503,35.194438892],[134.411083061,35.186966946],[134.408685551,35.147869721],[134.367393333,35.146961387],[134.349551115,35.090222775],[134.319083333,35.083442505],[134.316331946,35.043199721],[134.264438327,35.016691667],[134.282364721,34.996593054],[134.276955551,34.963330279],[134.254202503,34.946003613],[134.295014994,34.907462495],[134.269292776,34.889091108],[134.254000558,34.856958333],[134.266295279,34.825641387],[134.295607497,34.818056387],[134.329599728,34.774238054],[134.321729442,34.721946108],[134.363819948,34.740846054],[134.416256615,34.731245586],[134.45079797699998,34.7537174950001],[134.474256537,34.755209892],[134.522946304,34.779238027],[134.569879455,34.758034883],[134.584844994,34.768728892],[134.66076543500014,34.78381336899997],[134.761306109,34.762150829],[134.808675837,34.732086108],[134.847257004,34.715326694],[134.870542049,34.702845378],[134.90762153,34.676485721],[134.972627056,34.64382364],[135.01870847,34.643190892],[135.045601855,34.624766009],[135.106369585,34.639975081],[135.183312374,34.649598414],[135.190313645,34.681321108],[135.234954228,34.698542027],[135.288100934,34.703950369],[135.303456796,34.719095126]]],[[[134.74061476,34.352451261],[134.713468249,34.322297],[134.673966472,34.317548027],[134.661525188,34.277033495],[134.671902529,34.249868],[134.730679196,34.20662464],[134.734090778,34.188719946],[134.800444578,34.199990946],[134.871497198,34.239910432],[134.951641946,34.26652736],[134.94395703,34.297122027],[134.893714137,34.353204829],[134.894703476,34.398979261],[134.901101077,34.418615541],[134.992650856,34.522548775],[134.995461855,34.545574441],[135.025699663,34.576583387],[134.984072244,34.603573586],[134.935067795,34.549423685],[134.887747613,34.530308162],[134.84703188100002,34.476925261000076],[134.81857016900005,34.468314937000116],[134.787949572,34.427237342],[134.74061476,34.352451261]]]]},"properties":{"N03_001":"兵庫県"}},
{"type":"Feature","geometry":{"type":"Polygon","coordinates":[[[136.055476394,34.738555559],[136.026813061,34.706104721],[135.986161673,34.715306946],[135.969754163,34.740524162],[135.922068885,34.754756108],[135.890171115,34.709438892],[135.863309442,34.706240829],[135.778130272,34.723170559],[135.755513606,34.727531946],[135.736707782,34.751809721],[135.728634721,34.777998054],[135.711968885,34.781331946],[135.696827782,34.743882225],[135.701691673,34.721680829],[135.673081946,34.701771387],[135.673135551,34.700080559],[135.671104163,34.661557495],[135.664287224,34.643275829],[135.658765551,34.614732495],[135.651792503,34.60681],[135.681758885,34.584778333],[135.673080272,34.570731108],[135.653186667,34.54699],[135.660142776,34.541070829],[135.66749834,34.530862225],[135.675316667,34.505735],[135.682167497,34.465245279],[135.682168885,34.464866387],[135.665329442,34.424240559],[135.680003333,34.408325],[135.663381946,34.396541387],[135.651128612,34.383206387],[135.660326667,34.326930829],[135.681182503,34.271661946],[135.718446667,34.263319721],[135.727475551,34.220726667],[135.709623891,34.208792775],[135.677693606,34.223436108],[135.634482503,34.204595],[135.641962503,34.183191108],[135.60462834,34.154307775],[135.57878834,34.116370829],[135.546252218,34.098010829],[135.548224449,34.068143892],[135.551316667,34.068420559],[135.580606109,34.056190279],[135.636729728,33.989869162],[135.618096394,33.954605279],[135.606203061,33.899118892],[135.647988054,33.876897775],[135.685377782,33.903719721],[135.72411,33.903287775],[135.755938054,33.885186946],[135.801823606,33.895823054],[135.816319442,33.905613892],[135.857921115,33.873152775],[135.874832218,33.861596387],[135.88076083,33.909372225],[135.909083606,33.918474441],[135.893849442,33.950074162],[135.915674449,33.972591946],[135.984614721,33.991641108],[136.003606939,34.009881387],[136.022982776,34.036521946],[136.055621673,34.035199441],[136.101062218,34.025762775],[136.093915837,34.066613892],[136.104505006,34.114157775],[136.112044721,34.167557775],[136.093449442,34.195698054],[136.131849442,34.251896387],[136.094903606,34.301451108],[136.129505279,34.316174441],[136.090806109,34.362546387],[136.069305837,34.389341108],[136.095898054,34.435221667],[136.158235551,34.449006387],[136.206247782,34.448677495],[136.219775837,34.515885559],[136.167403061,34.520165279],[136.16168834,34.548297225],[136.106996394,34.556308054],[136.049767224,34.580270559],[136.062466939,34.619957775],[136.064514721,34.651965],[136.085740272,34.676435],[136.054855279,34.702922495],[136.055476394,34.738555559]]]},"properties":{"N03_001":"奈良県"}},
{"type":"Feature","geometry":{"type":"MultiPolygon","coordinates":[[[[135.208043061,34.308202495],[135.202652776,34.287621946],[135.110295551,34.273786387],[135.092835668,34.312007829],[135.074287198,34.280968108],[135.123083839,34.241592748],[135.191924034,34.158894306],[135.178084034,34.140824829],[135.132284669,34.138279586],[135.112033541,34.112947991],[135.104404514,34.071260459],[135.138980182,34.056957991],[135.170763528,34.031800315],[135.134554682,34.000024712],[135.093509559,33.993213414],[135.102760376,33.954378162],[135.057651115,33.879876387],[135.111907082,33.893382721],[135.152470195,33.875537297],[135.17446678300018,33.83261266699998],[135.199267108,33.813142468],[135.266053554,33.782922793],[135.311941582,33.769546775],[135.336265551,33.745538333],[135.373096446,33.729531252],[135.382506576,33.691115631],[135.342806667,33.677955694],[135.353026939,33.654834441],[135.38188917,33.651137081],[135.395869883,33.626495919],[135.385998003,33.600146306],[135.410027134,33.575609225],[135.461113554,33.547975874],[135.487905279,33.54963636],[135.512266109,33.525541667],[135.578902477,33.507095532],[135.635520921,33.506591414],[135.67526192,33.48778364],[135.727077782,33.477414559],[135.797059974,33.496847468],[135.899213606,33.546061207],[135.939798547,33.578151595],[135.929254734,33.599764279],[135.927850026,33.609394108],[135.936552361,33.617243721],[135.939021505,33.645377694],[135.973126978,33.670045414],[136.011889961,33.72330073],[135.939933333,33.738586946],[135.90139834,33.780824441],[135.890913333,33.801678333],[135.855856109,33.820336387],[135.857921115,33.873152775],[135.816319442,33.905613892],[135.801823606,33.895823054],[135.755938054,33.885186946],[135.72411,33.903287775],[135.685377782,33.903719721],[135.647988054,33.876897775],[135.606203061,33.899118892],[135.618096394,33.954605279],[135.636729728,33.989869162],[135.580606109,34.056190279],[135.551316667,34.068420559],[135.548224449,34.068143892],[135.546252218,34.098010829],[135.57878834,34.116370829],[135.60462834,34.154307775],[135.641962503,34.183191108],[135.634482503,34.204595],[135.677693606,34.223436108],[135.709623891,34.208792775],[135.727475551,34.220726667],[135.718446667,34.263319721],[135.681182503,34.271661946],[135.660326667,34.326930829],[135.651128612,34.383206387],[135.57712083,34.376049441],[135.529150558,34.351430559],[135.485376109,34.362832495],[135.453127782,34.349861108],[135.44415917,34.347711946],[135.434290272,34.348226387],[135.409221388,34.341938054],[135.380344721,34.328444162],[135.338894163,34.334961667],[135.330408885,34.316701946],[135.282552218,34.317875559],[135.271041388,34.312465829],[135.208043061,34.308202495]]],[[[135.88076083,33.909372225],[135.874832218,33.861596387],[135.901313061,33.885406387],[135.88076083,33.909372225]]],[[[136.003606939,34.009881387],[135.984614721,33.991641108],[135.915674449,33.972591946],[135.893849442,33.950074162],[135.909083606,33.918474441],[135.929544163,33.941430559],[135.969764163,33.930024441],[135.985448612,33.968555559],[136.013363891,33.974231387],[136.003606939,34.009881387]]]]},"properties":{"N03_001":"和歌山県"}},
{"type":"Feature","geometry":{"type":"Polygon","coordinates":[[[134.434437497,35.470830559],[134.413102503,35.517599721],[134.42506,35.552031387],[134.408258612,35.587318333],[134.369944436,35.61458473],[134.359579948,35.600472559],[134.296852827,35.590062802],[134.277790973,35.572709378],[134.272516641,35.560665198],[134.169490506,35.533590108],[134.05697516199996,35.51892900000007],[133.965200493,35.522837351],[133.919796978,35.509284865],[133.855594721,35.504513802],[133.717432918,35.504013955],[133.671871167,35.506375613],[133.608164695,35.522167171],[133.59054751,35.531985811],[133.495480039,35.512488532],[133.44639083,35.494193333],[133.429315383,35.469894658],[133.391608016,35.453822351],[133.374054254,35.456292333],[133.293439611,35.47782136],[133.262828418,35.500983333],[133.244621154,35.549111964],[133.19863194599998,35.52601555900014],[133.222001946,35.481401946],[133.226852776,35.477163333],[133.30869,35.430876667],[133.324433891,35.374278613],[133.296046394,35.349370279],[133.292635551,35.320746946],[133.310466667,35.268377225],[133.181623891,35.23444],[133.151707497,35.216161108],[133.180812503,35.202670279],[133.194905279,35.169890279],[133.157455279,35.148905838],[133.140304163,35.117283613],[133.136419442,35.074259721],[133.179533606,35.067296667],[133.239934721,35.079038054],[133.26913917,35.057678333],[133.288262503,35.095914171],[133.354873891,35.100771108],[133.411825837,35.121146108],[133.39463917,35.177329721],[133.447556394,35.171296108],[133.508051388,35.193091667],[133.526111115,35.182885838],[133.508086939,35.233030559],[133.566637497,35.255589721],[133.576786394,35.314413613],[133.596414449,35.344895559],[133.649177224,35.336337505],[133.677361946,35.319293333],[133.709022776,35.325059721],[133.762338327,35.311086667],[133.80927917,35.276916946],[133.818146109,35.252634171],[133.865943333,35.272258892],[133.862008612,35.292361108],[133.92522166,35.306898892],[133.931535279,35.333206108],[133.969632776,35.347834441],[134.014805837,35.350391387],[133.999468327,35.314650559],[134.030141946,35.305421108],[134.086297497,35.307325559],[134.13924,35.279047225],[134.164184163,35.227975559],[134.153976667,35.194640838],[134.167534449,35.171825838],[134.216520272,35.189488613],[134.260901946,35.210456667],[134.281334994,35.196703333],[134.322697497,35.202754171],[134.381382776,35.248853054],[134.402814449,35.241024441],[134.43531917,35.229172505],[134.515240558,35.277231946],[134.506838885,35.338521387],[134.502867782,35.365961387],[134.471384994,35.380032225],[134.477353606,35.429018613],[134.440100558,35.442804171],[134.434437497,35.470830559]]]},"properties":{"N03_001":"鳥取県"}},
{"type":"Feature","geometry":{"type":"MultiPolygon","coordinates":[[[[132.90315194599998,35.51172194600008],[132.856249442,35.51012],[132.800291141,35.483700946],[132.753811258,35.476577757],[132.753429792,35.447570946],[132.708982996,35.441410414],[132.684901388,35.451715],[132.623794721,35.425135279],[132.671738418,35.400664748],[132.662520506,35.330949505],[132.61562360599999,35.28096022500006],[132.57552315199996,35.272037945999955],[132.524111206,35.240510378],[132.467699403,35.217364072],[132.42137773,35.189040495],[132.393158703,35.154853604],[132.389382957,35.131741297],[132.336838651,35.101439414],[132.3141393,35.064150414],[132.269170441,35.039324054],[132.236275811,35.034603586],[132.14421751,34.964009559],[132.110777691,34.950545198],[132.06352192,34.904213387],[132.056838418,34.873029279],[132.013769689,34.870311081],[131.989208949,34.827808865],[131.946790402,34.792929532],[131.894054163,34.762447495],[131.849130078,34.711280468],[131.810798911,34.692112775],[131.73968,34.674611667],[131.69062166,34.681045],[131.694818612,34.620678613],[131.716917782,34.605990279],[131.724419728,34.571991667],[131.706738054,34.533075559],[131.667969728,34.504095279],[131.712869442,34.428494721],[131.793819728,34.436213054],[131.784778327,34.399860829],[131.763456667,34.380935559],[131.770950558,34.356186108],[131.774607224,34.337519721],[131.831436667,34.302615279],[131.881290272,34.308618892],[131.927648885,34.334638892],[131.958681388,34.306343613],[131.983635837,34.350964162],[132.01352166,34.382025559],[131.989876394,34.413954162],[132.015424449,34.452042225],[132.055185279,34.467795279],[132.068584994,34.467671108],[132.047124721,34.512474162],[132.083950558,34.53753],[132.125528327,34.583151387],[132.117069728,34.611533613],[132.140288327,34.654221946],[132.161081946,34.688119162],[132.130768612,34.708026108],[132.222500272,34.749717495],[132.242862218,34.783733892],[132.278569442,34.79752],[132.298653606,34.777009441],[132.383048327,34.794796667],[132.398620558,34.783339162],[132.436620558,34.820952495],[132.465793891,34.801659162],[132.538059728,34.794991667],[132.619643333,34.843501108],[132.667444721,34.832276667],[132.710597782,34.849860279],[132.70209083,34.879866946],[132.63402917,34.904804162],[132.685094449,34.950557495],[132.749721946,34.960258892],[132.766993333,34.991196667],[132.808834449,35.028560279],[132.859745694,35.092366441],[132.892738327,35.105079441],[132.909477782,35.086216946],[132.947591115,35.075762225],[133.000111946,35.097191108],[133.033105837,35.068244441],[133.059982776,35.081096387],[133.122169442,35.083986667],[133.136419442,35.074259721],[133.140304163,35.117283613],[133.157455279,35.148905838],[133.194905279,35.169890279],[133.180812503,35.202670279],[133.151707497,35.216161108],[133.181623891,35.23444],[133.310466667,35.268377225],[133.292635551,35.320746946],[133.296046394,35.349370279],[133.324433891,35.374278613],[133.30869,35.430876667],[133.226852776,35.477163333],[133.222001946,35.481401946],[133.19863194599998,35.52601555900014],[133.244621154,35.549111964],[133.293414721,35.576719721],[133.14125639400015,35.56091194600009],[133.114454163,35.593985559],[133.030130285,35.54104955],[132.97165596600007,35.54458755900009],[132.96485389100008,35.51473583800009],[132.90315194599998,35.51172194600008]]],[[[133.069727367,36.083333333],[133.097020272,36.049319441],[133.13596083,36.102089721],[133.110447497,36.119906387],[133.064363061,36.098155279],[133.069727367,36.083333333]]],[[[132.952183969,36.083333333],[133.005431946,36.090416387],[133.022081388,36.063893892],[133.056954163,36.083133613],[133.012493606,36.135774441],[132.952183969,36.083333333]]],[[[133.248593606,36.166666667],[133.300547782,36.176669171],[133.339293554,36.169636198],[133.334982827,36.202378559],[133.370107198,36.206707802],[133.379078327,36.27651],[133.28548166,36.342669721],[133.233568885,36.328756108],[133.196275279,36.297804171],[133.177724449,36.249778054],[133.185356939,36.214696108],[133.238574994,36.183298054],[133.248593606,36.166666667]]]]},"properties":{"N03_001":"島根県"}},
{"type":"Feature","geometry":{"type":"Polygon","coordinates":[[[134.112186939,34.588467775],[134.173154449,34.617337306],[134.188526394,34.650805829],[134.245281388,34.701052775],[134.229366044,34.714754955],[134.298106096,34.736554288],[134.321729442,34.721946108],[134.329599728,34.774238054],[134.295607497,34.818056387],[134.266295279,34.825641387],[134.254000558,34.856958333],[134.269292776,34.889091108],[134.295014994,34.907462495],[134.254202503,34.946003613],[134.276955551,34.963330279],[134.282364721,34.996593054],[134.264438327,35.016691667],[134.316331946,35.043199721],[134.319083333,35.083442505],[134.349551115,35.090222775],[134.367393333,35.146961387],[134.408685551,35.147869721],[134.411083061,35.186966946],[134.382992503,35.194438892],[134.382516939,35.221724441],[134.402814449,35.241024441],[134.381382776,35.248853054],[134.322697497,35.202754171],[134.281334994,35.196703333],[134.260901946,35.210456667],[134.216520272,35.189488613],[134.167534449,35.171825838],[134.153976667,35.194640838],[134.164184163,35.227975559],[134.13924,35.279047225],[134.086297497,35.307325559],[134.030141946,35.305421108],[133.999468327,35.314650559],[134.014805837,35.350391387],[133.969632776,35.347834441],[133.931535279,35.333206108],[133.92522166,35.306898892],[133.862008612,35.292361108],[133.865943333,35.272258892],[133.818146109,35.252634171],[133.80927917,35.276916946],[133.762338327,35.311086667],[133.709022776,35.325059721],[133.677361946,35.319293333],[133.649177224,35.336337505],[133.596414449,35.344895559],[133.576786394,35.314413613],[133.566637497,35.255589721],[133.508086939,35.233030559],[133.526111115,35.182885838],[133.508051388,35.193091667],[133.447556394,35.171296108],[133.39463917,35.177329721],[133.411825837,35.121146108],[133.354873891,35.100771108],[133.288262503,35.095914171],[133.26913917,35.057678333],[133.321211115,35.003628613],[133.29726166,34.956003892],[133.298010558,34.889339441],[133.330664449,34.855925],[133.328863606,34.853045559],[133.378085837,34.808359721],[133.369648327,34.744586387],[133.370588327,34.711818613],[133.402786939,34.667065559],[133.384772776,34.616757775],[133.42316917,34.585543892],[133.449436667,34.542764441],[133.44690847,34.480267667],[133.456323645,34.454538108],[133.489098275,34.440961387],[133.573241245,34.465904613],[133.603739403,34.495143396],[133.670194994,34.507345892],[133.705334112,34.523063495],[133.704030052,34.477826694],[133.759620558,34.470201387],[133.780578249,34.44537836],[133.829737471,34.472527946],[133.880141141,34.456841459],[133.919202529,34.449785793],[133.952936939,34.492705081],[133.959457847,34.522733135],[134.030927211,34.558043973],[134.034195422,34.573756486],[134.054379754,34.586433829],[134.112186939,34.588467775]]]},"properties":{"N03_001":"岡山県"}},
{"type":"Feature","geometry":{"type":"MultiPolygon","coordinates":[[[[132.518244021,34.361739856],[132.519174163,34.356556946],[132.49431585,34.316243793],[132.507772464,34.296740063],[132.531556939,34.222171],[132.553482633,34.194438081],[132.60275428,34.220146441],[132.638152023,34.203208225],[132.68025358,34.210862306],[132.700079494,34.235534108],[132.760348444,34.240892532],[132.785199481,34.276986793],[132.801932361,34.30891036],[132.827634916,34.316276],[132.854582776,34.296554441],[132.893611984,34.326515036],[132.944793204,34.336181315],[133.010639546,34.329142063],[133.081212555,34.349350207],[133.093040661,34.388960973],[133.127517691,34.382567],[133.153859987,34.394680901],[133.244578314,34.423410802],[133.272951738,34.413538324],[133.285340687,34.387968099],[133.366808508,34.368987018],[133.385437432,34.420462234],[133.431300272,34.424101946],[133.44690847,34.480267667],[133.449436667,34.542764441],[133.42316917,34.585543892],[133.384772776,34.616757775],[133.402786939,34.667065559],[133.370588327,34.711818613],[133.369648327,34.744586387],[133.378085837,34.808359721],[133.328863606,34.853045559],[133.330664449,34.855925],[133.298010558,34.889339441],[133.29726166,34.956003892],[133.321211115,35.003628613],[133.26913917,35.057678333],[133.239934721,35.079038054],[133.179533606,35.067296667],[133.136419442,35.074259721],[133.122169442,35.083986667],[133.059982776,35.081096387],[133.033105837,35.068244441],[133.000111946,35.097191108],[132.947591115,35.075762225],[132.909477782,35.086216946],[132.892738327,35.105079441],[132.859745694,35.092366441],[132.808834449,35.028560279],[132.766993333,34.991196667],[132.749721946,34.960258892],[132.685094449,34.950557495],[132.63402917,34.904804162],[132.70209083,34.879866946],[132.710597782,34.849860279],[132.667444721,34.832276667],[132.619643333,34.843501108],[132.538059728,34.794991667],[132.465793891,34.801659162],[132.436620558,34.820952495],[132.398620558,34.783339162],[132.383048327,34.794796667],[132.298653606,34.777009441],[132.278569442,34.79752],[132.242862218,34.783733892],[132.222500272,34.749717495],[132.130768612,34.708026108],[132.161081946,34.688119162],[132.140288327,34.654221946],[132.117069728,34.611533613],[132.125528327,34.583151387],[132.083950558,34.53753],[132.047124721,34.512474162],[132.068584994,34.467671108],[132.080994449,34.44354],[132.068894163,34.416256387],[132.07134166,34.3554],[132.129484163,34.327006946],[132.125362218,34.305778892],[132.156536939,34.229351946],[132.193329728,34.207012225],[132.245598327,34.210672928],[132.227379805,34.23542636],[132.238871997,34.261362586],[132.264322503,34.272545865],[132.347006848,34.356542622],[132.397497834,34.363023135],[132.436683346,34.353075306],[132.518244021,34.361739856]]],[[[132.74214022,34.166666667],[132.759406667,34.192017225],[132.698895279,34.204020829],[132.685535798,34.182725865],[132.74214022,34.166666667]]],[[[132.81952118,34.150955486],[132.867811595,34.174008784],[132.849186226,34.19072364],[132.803349442,34.172588333],[132.81952118,34.150955486]]],[[[132.550794527,34.078901081],[132.570586394,34.115795],[132.521715084,34.157469333],[132.555896667,34.178441667],[132.535089001,34.200011973],[132.502951193,34.185327829],[132.49553249,34.132545108],[132.447237717,34.108153495],[132.462301388,34.082355559],[132.501993139,34.103181036],[132.545515266,34.09786009],[132.550794527,34.078901081]]],[[[133.082545707,34.255939459],[133.146090571,34.287341982],[133.140847678,34.314687676],[133.08408035,34.308207685],[133.067296641,34.267503568],[133.082545707,34.255939459]]],[[[133.13405481199996,34.33333333300002],[133.17389884600004,34.292462054000055],[133.21086386499996,34.31391138700013],[133.173398145,34.357666613],[133.13405481199996,34.33333333300002]]],[[[133.174565305,34.366486387],[133.213435668,34.359892613],[133.236886887,34.391419216],[133.215090687,34.409328775],[133.170121855,34.387437126],[133.174565305,34.366486387]]],[[[132.267387562,34.25],[132.30409083,34.244749721],[132.341035279,34.275050279],[132.327871829,34.306816946],[132.290200661,34.287470973],[132.267387562,34.25]]],[[[132.445669831,34.166666667],[132.460400687,34.133950928],[132.490179961,34.154650991],[132.471904358,34.182757414],[132.489648833,34.202213964],[132.49852332,34.26848373],[132.482325058,34.287900288],[132.435309442,34.284824441],[132.443023424,34.261234712],[132.479216926,34.232488874],[132.445004747,34.222891901],[132.425458625,34.254460982],[132.383828521,34.257093495],[132.384404851,34.226751982],[132.445669831,34.166666667]]],[[[132.874712866,34.205363162],[132.918028418,34.216904892],[132.938718197,34.280308586],[132.88672166,34.261616946],[132.841973606,34.223276946],[132.874712866,34.205363162]]]]},"properties":{"N03_001":"広島県"}},
{"type":"Feature","geometry":{"type":"MultiPolygon","coordinates":[[[[131.067788716,34.038933775],[131.10287725,34.030796108],[131.121396783,34.00352764],[131.160631051,33.986270532],[131.157655811,33.95534664],[131.199309909,33.942860099],[131.266522218,33.922894865],[131.348697367,33.966242054],[131.363169403,33.997004703],[131.394524358,34.026172126000006],[131.427268197,34.014347053999984],[131.436014034,33.987923306],[131.47948863800002,34.0133340270001],[131.475698677,34.037553],[131.540198275,33.99759155],[131.62330521399997,34.039686207000045],[131.673592257,34.043999865],[131.709680558,34.060458613],[131.765210636,34.053633279],[131.818459196,34.035376694],[131.811913281,34.015877775],[131.772022244,33.977763667],[131.816711051,33.969572414],[131.837723982,34.009433468],[131.89159277600015,33.97843666699998],[131.936370441,33.94721913500001],[131.9569984950001,33.949557919000085],[132.025126368,33.901736414],[132.056151427,33.920810514],[132.07751479900014,33.89305876600008],[132.1200098700001,33.875407009000014],[132.11572198400006,33.859211306000134],[132.152597782,33.843170559],[132.158265837,33.859725],[132.128507497,33.888152775],[132.127801738,33.957157324],[132.187505279,33.963237495],[132.199047432,33.98084155],[132.219138366,34.038996667],[132.209501933,34.05930145],[132.203270285,34.125312045],[132.247639883,34.133432973],[132.252381245,34.158105721],[132.237638534,34.196204396],[132.245598327,34.210672928],[132.193329728,34.207012225],[132.156536939,34.229351946],[132.125362218,34.305778892],[132.129484163,34.327006946],[132.07134166,34.3554],[132.068894163,34.416256387],[132.080994449,34.44354],[132.068584994,34.467671108],[132.055185279,34.467795279],[132.015424449,34.452042225],[131.989876394,34.413954162],[132.01352166,34.382025559],[131.983635837,34.350964162],[131.958681388,34.306343613],[131.927648885,34.334638892],[131.881290272,34.308618892],[131.831436667,34.302615279],[131.774607224,34.337519721],[131.770950558,34.356186108],[131.763456667,34.380935559],[131.784778327,34.399860829],[131.793819728,34.436213054],[131.712869442,34.428494721],[131.667969728,34.504095279],[131.706738054,34.533075559],[131.724419728,34.571991667],[131.716917782,34.605990279],[131.694818612,34.620678613],[131.69062166,34.681045],[131.648657497,34.653391387],[131.612259728,34.666080559],[131.591147224,34.629131108],[131.557777497,34.603221946],[131.554780272,34.579860559],[131.504047497,34.533934721],[131.464577834,34.532171387],[131.46187731500015,34.485850270000014],[131.43736586300008,34.470565054000076],[131.42159374799996,34.43929244100008],[131.39135319100012,34.41727680200006],[131.352618029,34.411192279],[131.293136654,34.380301216],[131.271926226,34.390103532],[131.205115331,34.374873892],[131.153707575,34.373104667],[131.128904838,34.412632027],[131.0743807,34.424577973],[131.043328392,34.410302892],[131.004975383,34.414980694],[130.98039428,34.43544564],[130.958547134,34.407929667],[131.010714449,34.401828532],[131.036541829,34.378868],[130.980430208,34.363474694],[130.949298521,34.352594721],[130.899799053,34.360711667],[130.891396693,34.312482027],[130.866861362,34.287829027],[130.921645668,34.239453468],[130.930642918,34.209717495],[130.925649144,34.169708306],[130.861893917,34.104082081],[130.882058249,34.074512162],[130.910894384,34.06173736],[130.91301411200016,33.955294305999985],[130.93416330700006,33.9477040000001],[130.99501858600013,33.98904397300009],[131.03034771700015,34.03911274800009],[131.067788716,34.038933775]]],[[[132.176933385,33.916666667],[132.175238171,33.902718162],[132.209371997,33.859409252],[132.258595551,33.877618333],[132.288555837,33.902145],[132.337683333,33.878059162],[132.364418911,33.879350279],[132.375786667,33.914053613],[132.418293061,33.918091108],[132.453914721,33.934934162],[132.42391594,33.954055721],[132.395063606,33.925846387],[132.316726031,33.906023054],[132.287333606,33.941898333],[132.248854812,33.954115225],[132.183365136,33.950532613],[132.176933385,33.916666667]]]]},"properties":{"N03_001":"山口県"}},
{"type":"Feature","geometry":{"type":"Polygon","coordinates":[[[134.607425837,34.100923892],[134.61881441,34.141180865],[134.624372244,34.180748135],[134.586450999,34.20133036],[134.570760272,34.237357559],[134.496538301,34.224395973],[134.440206693,34.207853883],[134.438890558,34.190828613],[134.412931946,34.156882775],[134.375658327,34.171785829],[134.260263606,34.183557775],[134.208726394,34.174725559],[134.15543917,34.166747775],[134.135256939,34.151538333],[134.12233083,34.118786387],[134.049884994,34.117415559],[133.999633333,34.074787495],[133.976943061,34.075760441],[133.922296109,34.114411946],[133.903093606,34.100070559],[133.892854721,34.108196946],[133.822225279,34.092188054],[133.82015,34.074020279],[133.785298054,34.079810279],[133.740451388,34.050191946],[133.721319728,34.022292495],[133.679548612,34.01252],[133.692363891,33.962455],[133.676484449,33.932944721],[133.687946939,33.916255559],[133.660748054,33.881809162],[133.677694994,33.858539162],[133.728951388,33.851079721],[133.748235551,33.836770829],[133.817772776,33.837321387],[133.838694994,33.845166946],[133.873514449,33.805922775],[133.912778054,33.791404721],[133.94126083,33.799158054],[133.959783333,33.834660279],[133.99593166,33.821930279],[134.032828327,33.828399721],[134.058788327,33.776666946],[134.065037497,33.719452225],[134.058056667,33.691033333],[134.126263061,33.695885279],[134.163845279,33.688123892],[134.171334449,33.657685559],[134.156138612,33.611700559],[134.172524721,33.609603054],[134.195788327,33.560817495],[134.238507497,33.552920829],[134.287237497,33.559796387],[134.305862672,33.548435721],[134.317835551,33.581825559],[134.354217328,33.583479198],[134.388081388,33.624421667],[134.389876161,33.650608405],[134.47240666699997,33.681795495000074],[134.566449209,33.738813135],[134.580385837,33.770080829],[134.678939442,33.804478892],[134.721154877,33.832255604],[134.6903384950001,33.85164347700004],[134.64616426700013,33.85015534200011],[134.6958893640001,33.90355141399999],[134.696691855,33.948596072],[134.652079676,33.985816009],[134.611906135,33.991688387],[134.600530169,34.01872136],[134.585623281,34.052315829],[134.607425837,34.100923892]],[[134.3945788850001,33.72437166700013],[134.394731946,33.724014441],[134.394578885,33.724371667],[134.3945788850001,33.72437166700013]]]},"properties":{"N03_001":"徳島県"}},
{"type":"Feature","geometry":{"type":"MultiPolygon","coordinates":[[[[134.135256939,34.151538333],[134.15543917,34.166747775],[134.208726394,34.174725559],[134.260263606,34.183557775],[134.375658327,34.171785829],[134.412931946,34.156882775],[134.438890558,34.190828613],[134.440206693,34.207853883],[134.409901971,34.223041586],[134.390050078,34.254842802],[134.346832361,34.252502667],[134.305918249,34.278492559],[134.288104838,34.275301135],[134.246702581,34.303910892],[134.257425447,34.34529564],[134.218302192,34.349739198],[134.165722023,34.326058495],[134.154688223,34.338949694],[134.159549611,34.389079225],[134.122954968,34.379086],[134.085285577,34.353093],[133.992762892,34.356608748],[133.92760725,34.389653829],[133.888048586,34.375158532],[133.82093744500014,34.33794497300005],[133.82767642,34.326133414],[133.829290532,34.323473802],[133.806299831,34.310632027],[133.764228366,34.284390342],[133.708886291,34.240865441],[133.622904968,34.23557636],[133.649004254,34.185646252],[133.64600677,34.16435218],[133.627703191,34.053179802],[133.598495188,34.043630946],[133.665428327,34.027108054],[133.679548612,34.01252],[133.721319728,34.022292495],[133.740451388,34.050191946],[133.785298054,34.079810279],[133.82015,34.074020279],[133.822225279,34.092188054],[133.892854721,34.108196946],[133.903093606,34.100070559],[133.922296109,34.114411946],[133.976943061,34.075760441],[133.999633333,34.074787495],[134.049884994,34.117415559],[134.12233083,34.118786387],[134.135256939,34.151538333]]],[[[134.082471634,34.5],[134.058793748,34.488085162],[134.081319728,34.459166387],[134.10270083,34.47909],[134.082471634,34.5]]],[[[134.199798029,34.482708775],[134.267625694,34.467877892],[134.342803411,34.487933333],[134.354990584,34.538769613],[134.33245917,34.563196387],[134.256428612,34.543180279],[134.229946394,34.526987225],[134.178648975,34.517656225],[134.199798029,34.482708775]]]]},"properties":{"N03_001":"香川県"}},
{"type":"Feature","geometry":{"type":"MultiPolygon","coordinates":[[[[132.625,33.994984441],[132.587273359,33.969801225],[132.590377665,33.952278919],[132.641660272,33.956572775],[132.625,33.994984441]]],[[[132.685776031,33.804994829],[132.698464838,33.776373027],[132.65936166,33.703523333],[132.585955162,33.653578865],[132.531258495,33.637656135],[132.480006252,33.617029559],[132.425333502,33.55161245],[132.357477795,33.515945135],[132.265697224,33.467608054],[132.210457043,33.445865649],[132.180576135,33.448907477],[132.084433333,33.398129441],[132.118676291,33.390793279],[132.124046368,33.365728045],[132.182539209,33.412110153],[132.238445837,33.426402225],[132.280556939,33.447107495],[132.306716783,33.472997991],[132.371972581,33.469795333],[132.416205409,33.442910027],[132.386260337,33.419816946],[132.37884131,33.384805054],[132.390089001,33.365200919],[132.382481245,33.321186081],[132.423111505,33.304225829],[132.467076693,33.318676279],[132.498246304,33.311930559],[132.48291786,33.274867559],[132.545671401,33.23311055],[132.503580311,33.20271564],[132.509763281,33.175982162],[132.486746304,33.164434108],[132.447097613,33.184665108],[132.433996005,33.158399027],[132.451886861,33.131755225],[132.480824617,33.119682892],[132.456546641,33.056854919],[132.428222438,33.056746468],[132.42492275,33.067294162],[132.39719166,33.057289559],[132.37858727599996,33.0228790270001],[132.40476542199997,33.02910608100001],[132.41805499400004,33.05806905400004],[132.44297014300014,33.04811064000012],[132.48588269800007,33.042181387000085],[132.468747691,32.939853108],[132.476407004,32.904644441],[132.515255227,32.931548973000076],[132.51266574600015,32.950132585999995],[132.57184885900017,32.9461494680001],[132.599030169,32.912616252],[132.655532892,32.92520133300013],[132.691480558,32.973444721],[132.677958612,33.037995279],[132.657673891,33.057057495],[132.66327083,33.109141946],[132.646636394,33.115565559],[132.614864994,33.169289441],[132.637085837,33.184762495],[132.686888054,33.134847775],[132.725812503,33.168276108],[132.740642503,33.201283613],[132.775943333,33.208409441],[132.77192166,33.241063054],[132.786892503,33.262240279],[132.787141946,33.267038892],[132.857703333,33.293186108],[132.901746667,33.327306387],[132.883797497,33.362349162],[132.853047497,33.388216667],[132.824915279,33.422934441],[132.811056394,33.466061667],[132.847534449,33.479189721],[132.900674449,33.470351667],[132.989258327,33.473865829],[133.015364163,33.481005829],[133.037941946,33.526406387],[133.059163333,33.538713333],[133.046756667,33.575217495],[133.075019728,33.650618613],[133.116532503,33.660146108],[133.119226939,33.688602495],[133.161209728,33.731525829],[133.157837224,33.750295],[133.183742503,33.768141667],[133.257180272,33.793863333],[133.277357497,33.830924162],[133.326331388,33.814763613],[133.355800272,33.834358054],[133.455012776,33.836926946],[133.486620558,33.829706667],[133.507930558,33.835871946],[133.549906109,33.881989721],[133.583034449,33.867650279],[133.660748054,33.881809162],[133.687946939,33.916255559],[133.676484449,33.932944721],[133.692363891,33.962455],[133.679548612,34.01252],[133.665428327,34.027108054],[133.598495188,34.043630946],[133.532636109,33.98696636],[133.49051703,33.96925464],[133.45346061,33.984137279],[133.388804981,33.985832351],[133.356362335,33.979185108],[133.320503891,33.994230829],[133.276852698,33.980717973],[133.234162724,33.952054495],[133.133468444,33.92696718],[133.08892267200008,33.950386559000094],[133.066591167,33.982666495],[133.022803411,34.062588613],[133.006787471,34.065907468],[132.977358612,34.116385387],[132.923693606,34.116046108],[132.931441725,34.094291667],[132.916366446,34.063563721],[132.857400636,34.054697694],[132.808485357,34.01861864],[132.770627562,33.996600748],[132.768340078,33.948327532],[132.755231051,33.911317748],[132.710724137,33.906682865],[132.699951089,33.876706162],[132.710399754,33.854084667],[132.687329468,33.834117721],[132.685776031,33.804994829]]],[[[132.994078885,34.25],[132.964850169,34.22710136],[133.000474501,34.209333613],[133.050134747,34.214153252],[133.04816725,34.259032162],[133.029365811,34.292834027],[132.980729922,34.286658919],[132.994078885,34.25]]],[[[133.035748586,34.166666667],[133.018738392,34.139201919],[133.035102114,34.107717802],[133.086805279,34.157260414],[133.068552088,34.191732775],[133.036980584,34.195324198],[133.035748586,34.166666667]]],[[[133.125,34.208052649],[133.093478781,34.238163892],[133.059275447,34.226635081],[133.077543995,34.195581919],[133.125,34.208052649]]]]},"properties":{"N03_001":"愛媛県"}},
{"type":"Feature","geometry":{"type":"Polygon","coordinates":[[[133.601431115,33.519565468],[133.681881336,33.533999865],[133.738187795,33.538131315],[133.769998885,33.515771775],[133.82006083,33.515299441],[133.922546174,33.491913081],[133.955866667,33.446204721],[133.992976109,33.427934532],[134.011162802,33.422406973],[134.033767497,33.378411108],[134.136054021,33.297169919],[134.181456031,33.249218667],[134.211898366,33.400599847],[134.235311115,33.442108613],[134.285579429,33.530975784],[134.305862672,33.548435721],[134.287237497,33.559796387],[134.238507497,33.552920829],[134.195788327,33.560817495],[134.172524721,33.609603054],[134.156138612,33.611700559],[134.171334449,33.657685559],[134.163845279,33.688123892],[134.126263061,33.695885279],[134.058056667,33.691033333],[134.065037497,33.719452225],[134.058788327,33.776666946],[134.032828327,33.828399721],[133.99593166,33.821930279],[133.959783333,33.834660279],[133.94126083,33.799158054],[133.912778054,33.791404721],[133.873514449,33.805922775],[133.838694994,33.845166946],[133.817772776,33.837321387],[133.748235551,33.836770829],[133.728951388,33.851079721],[133.677694994,33.858539162],[133.660748054,33.881809162],[133.583034449,33.867650279],[133.549906109,33.881989721],[133.507930558,33.835871946],[133.486620558,33.829706667],[133.455012776,33.836926946],[133.355800272,33.834358054],[133.326331388,33.814763613],[133.277357497,33.830924162],[133.257180272,33.793863333],[133.183742503,33.768141667],[133.157837224,33.750295],[133.161209728,33.731525829],[133.119226939,33.688602495],[133.116532503,33.660146108],[133.075019728,33.650618613],[133.046756667,33.575217495],[133.059163333,33.538713333],[133.037941946,33.526406387],[133.015364163,33.481005829],[132.989258327,33.473865829],[132.900674449,33.470351667],[132.847534449,33.479189721],[132.811056394,33.466061667],[132.824915279,33.422934441],[132.853047497,33.388216667],[132.883797497,33.362349162],[132.901746667,33.327306387],[132.857703333,33.293186108],[132.787141946,33.267038892],[132.786892503,33.262240279],[132.77192166,33.241063054],[132.775943333,33.208409441],[132.740642503,33.201283613],[132.725812503,33.168276108],[132.686888054,33.134847775],[132.637085837,33.184762495],[132.614864994,33.169289441],[132.646636394,33.115565559],[132.66327083,33.109141946],[132.657673891,33.057057495],[132.677958612,33.037995279],[132.691480558,32.973444721],[132.655532892,32.92520133300013],[132.708256913,32.92595964000009],[132.704804163,32.888131108],[132.66261184199993,32.856245387],[132.64443555100013,32.81400166700007],[132.654562737,32.78115907200004],[132.71850334600003,32.797826505000046],[132.757628508,32.75309164],[132.78638499400006,32.756974441000125],[132.81554555100013,32.75333916200003],[132.86163623900018,32.790727197999956],[132.93091425400007,32.781469108000124],[133.00522294400002,32.72170680200003],[133.02211250300013,32.72899538700011],[132.99135858599993,32.79040913500006],[132.951865344,32.81295917099993],[132.95098980500018,32.860087000000135],[133.009374163,32.881206387],[133.008835551,32.911954162],[132.994698664,32.931725477],[132.999296109,32.980300667],[133.018622374,33.023220649],[133.044456109,33.038896045],[133.093053748,33.034049108],[133.118112827,33.086393766],[133.138363606,33.094078054],[133.163996394,33.135294162],[133.215252218,33.192318613],[133.235806667,33.198156387],[133.256093891,33.237809721],[133.258361388,33.261154441],[133.232214955,33.328315495],[133.263826952,33.340569252],[133.261588327,33.369181685],[133.290016239,33.383133937],[133.324465992,33.379174081],[133.365561388,33.400630829],[133.442885875,33.419635162],[133.434393217,33.428207721],[133.432235227,33.437210775],[133.479513035,33.457934144],[133.601431115,33.519565468]]]},"properties":{"N03_001":"高知県"}},
{"type":"Feature","geometry":{"type":"Polygon","coordinates":[[[130.673197847,33.91868045],[130.635642568,33.885425874],[130.606109857,33.878778],[130.54294339800012,33.889085738999924],[130.52145002600002,33.86310653200002],[130.479744254,33.850700045],[130.478151971,33.827902694],[130.445833385,33.795679414],[130.470814086,33.774202721],[130.467409053,33.753752577],[130.447097782,33.725057225],[130.41800245100012,33.712548216000016],[130.399660337,33.687236892000044],[130.399642296,33.613637216],[130.356494838,33.59662036],[130.313621829,33.59806436],[130.292602672,33.580123081],[130.251874112,33.596660306],[130.209222802,33.653520468],[130.197838612,33.639751586],[130.156874228,33.628141],[130.13499642,33.566310054],[130.15389214,33.537058829],[130.119366329,33.507776252],[130.048428664,33.495226252],[130.039026329,33.470014468],[130.156767224,33.476722495],[130.168786394,33.467645829],[130.205586667,33.481404162],[130.252370272,33.470963613],[130.272113891,33.479351108],[130.339749728,33.444613054],[130.378218885,33.424959162],[130.396163606,33.427405559],[130.41097083,33.395040279],[130.422591388,33.398460559],[130.438280558,33.400621946],[130.461413333,33.428237225],[130.462372503,33.427924441],[130.511132218,33.449112775],[130.536470752,33.438981946],[130.541821388,33.394253054],[130.535978457,33.342962297],[130.479945357,33.330873117],[130.48490118,33.306217009],[130.442458106,33.264027009],[130.41746201,33.268344793],[130.385204604,33.240461189],[130.373939611,33.244361162],[130.37365406,33.244340045],[130.375868612,33.219837514],[130.342686109,33.208281387],[130.352144994,33.17079638700011],[130.355784099,33.140356946],[130.411729351,33.086683234],[130.417677717,33.07189],[130.425256446,33.052972225],[130.414136693,33.002313766],[130.483968431,33.00161418],[130.51587049299997,33.012020757000016],[130.495035681,33.048675658],[130.542453424,33.081735261],[130.565721064,33.08725309],[130.561795875,33.104189198],[130.580198859,33.116019243],[130.655683074,33.108620243],[130.667536874,33.156954865],[130.7374852790001,33.1463687210001],[130.770889339,33.124332676],[130.839822827,33.104054477],[130.879646304,33.152986901],[130.863677393,33.193062063],[130.836489001,33.21059991],[130.824851466,33.253421712],[130.855354112,33.262568369],[130.866348314,33.292112126],[130.850601064,33.336658991],[130.835347964,33.343545946],[130.859719053,33.37296218],[130.885839831,33.379231667],[130.900280661,33.44921157700014],[130.92628588799994,33.45762453200001],[130.949887497,33.487669162],[130.981523333,33.507760829],[130.98995166,33.509140559],[131.03573917,33.519073054],[131.06765083,33.509056387],[131.118971946,33.502082495],[131.163157497,33.508460829],[131.190569728,33.558025279],[131.172646472,33.587953946],[131.172695837,33.588423892],[131.172721115,33.588662775],[131.185572153,33.61685055],[131.166191829,33.616948847],[131.08665948099997,33.63444772100007],[131.045842451,33.68865781099993],[131.00416827499998,33.749918243000025],[131.017722789,33.767988243],[130.981297134,33.81063034200008],[130.960378975,33.839043081],[130.99345220500004,33.85103250499992],[131.02009569400002,33.96229444099998],[131.0021555510001,33.96988441399998],[130.94624413700012,33.93837649500006],[130.93189438399997,33.90784400000007],[130.90115655,33.890760054],[130.855030921,33.929487],[130.701656537,33.938573703],[130.673197847,33.91868045]],[[131.01072250300012,33.67623777500012],[131.010722503,33.676237775],[131.010644449,33.676651387],[131.01072250300012,33.67623777500012]]]},"properties":{"N03_001":"福岡県"}},
{"type":"Feature","geometry":{"type":"Polygon","coordinates":[[[130.272113891,33.479351108],[130.252370272,33.470963613],[130.205586667,33.481404162],[130.168786394,33.467645829],[130.156767224,33.476722495],[130.039026329,33.470014468],[130.026649689,33.447605667],[129.966578599,33.456587757],[129.937419494,33.481637865],[129.960492023,33.514564081],[129.919354721,33.542116667],[129.856452776,33.533197225],[129.856855279,33.511409441],[129.829637497,33.505209441],[129.857217912,33.464794468],[129.851513061,33.447247775],[129.806433333,33.485664162],[129.783289741,33.450680883],[129.865017432,33.393186658],[129.830463268,33.335870523],[129.790814345,33.340399063],[129.75929286600012,33.29166666700007],[129.777798612,33.270097225],[129.814085837,33.236373054],[129.817147782,33.184535559],[129.872677782,33.165207775],[129.938615279,33.165375],[129.951285279,33.109964162],[129.925236939,33.105724162],[129.922356667,33.090493333],[129.983288054,33.056799162],[130.001102218,33.025694721],[130.042633061,33.003916108],[130.044488612,33.004108333],[130.076060558,32.987560829],[130.086826939,32.974895],[130.20358642,32.957120387],[130.169726109,33.051030559],[130.149872776,33.067240559],[130.129509702,33.117830054],[130.14984882,33.112601405],[130.222217782,33.165027333],[130.231206394,33.192141946],[130.25133328100003,33.190184865000106],[130.288519559,33.146693694],[130.355784099,33.140356946],[130.352144994,33.17079638700011],[130.342686109,33.208281387],[130.375868612,33.219837514],[130.37365406,33.244340045],[130.37393961100008,33.24436116200013],[130.373939611,33.244361162],[130.385204604,33.240461189],[130.41746201,33.268344793],[130.442458106,33.264027009],[130.48490118,33.306217009],[130.479945357,33.330873117],[130.535978457,33.342962297],[130.541821388,33.394253054],[130.536470752,33.438981946],[130.511132218,33.449112775],[130.462372503,33.427924441],[130.461413333,33.428237225],[130.438280558,33.400621946],[130.422591388,33.398460559],[130.41097083,33.395040279],[130.396163606,33.427405559],[130.378218885,33.424959162],[130.339749728,33.444613054],[130.272113891,33.479351108]]]},"properties":{"N03_001":"佐賀県"}},
{"type":"Feature","geometry":{"type":"MultiPolygon","coordinates":[[[[129.806946796,32.961934784],[129.81117882,32.999517775],[129.770420687,33.013060144],[129.733782503,33.009017495],[129.760000558,33.051906387],[129.710946667,33.08666],[129.672715577,33.071619441],[129.629423411,32.955686784],[129.668542023,32.895476748],[129.700111115,32.833571775],[129.739395162,32.806934559],[129.774578197,32.798409225],[129.796546589,32.765057532],[129.847448911,32.726301568],[129.847748275,32.70606064],[129.816612892,32.672517802],[129.76718594,32.594890027],[129.784542568,32.582621396],[129.830309974,32.612935108],[129.834980804,32.632804189],[129.896062166,32.662715198],[129.916087004,32.709376865],[129.987720921,32.759105532],[130.024025837,32.758367225],[130.083492335,32.794484108],[130.14410666700007,32.796028928000055],[130.17906067399997,32.79455832400009],[130.20820760100014,32.73333838700006],[130.186448885,32.707741432000034],[130.1325671730001,32.68147612600001],[130.12890237400018,32.655531386999996],[130.16970739299995,32.61932745899992],[130.18111936399998,32.59274356800012],[130.21808857300005,32.60538460399994],[130.273492685,32.654082847],[130.300497198,32.651345072],[130.348379702,32.67429918],[130.345759014,32.708095712],[130.372886719,32.737507622],[130.377341556,32.788845018],[130.340988366,32.855242126],[130.3194167570001,32.86677322499992],[130.30436151800006,32.87950034200003],[130.24379556400015,32.87555803599997],[130.19523684800015,32.84812118000002],[130.17424106400006,32.870027279000055],[130.15633911800012,32.90550466700006],[130.201861894,32.929104306],[130.20358642,32.957120387],[130.086826939,32.974895],[130.076060558,32.987560829],[130.044488612,33.004108333],[130.042633061,33.003916108],[130.001102218,33.025694721],[129.983288054,33.056799162],[129.922356667,33.090493333],[129.925236939,33.105724162],[129.951285279,33.109964162],[129.938615279,33.165375],[129.872677782,33.165207775],[129.817147782,33.184535559],[129.814085837,33.236373054],[129.777798612,33.270097225],[129.75929286600012,33.29166666700007],[129.790814345,33.340399063],[129.78867332,33.371579378],[129.677741492,33.353057523],[129.667805318,33.386460793],[129.632947497,33.362211667],[129.578081284,33.380013523],[129.575302192,33.308735333],[129.608319585,33.314940559],[129.557581505,33.247267252],[129.605011946,33.203743441],[129.637120869,33.22469536],[129.649708379,33.207835171],[129.650598911,33.173719054],[129.685162335,33.14439064],[129.661299754,33.11246536],[129.71172144,33.117701108],[129.721387056,33.137439667],[129.752285279,33.145244495],[129.785061025,33.143290495],[129.793990363,33.138385748],[129.797922607,33.131539919],[129.796070117,33.111163829],[129.787925006,33.102863126],[129.803333243,33.067818928],[129.839435863,33.056400991],[129.876836615,33.06437064],[129.945745006,33.015119027],[129.949183709,32.990722928],[129.93212537,32.966075153],[129.930205162,32.926460946],[129.96279939,32.875963928],[130.003531608,32.843915],[129.98087917,32.840472946],[129.947631219,32.862157414],[129.890341012,32.871165748],[129.85249939,32.860797009],[129.843827471,32.842530387],[129.797099351,32.870969595],[129.805154137,32.907708252],[129.788746394,32.923492306],[129.806946796,32.961934784]]],[[[129.10344061,33.25],[129.14976153,33.269849],[129.114000506,33.287500468],[129.069784864,33.270956495],[129.10344061,33.25]]],[[[129.75,33.062966919],[129.793366135,33.082648748],[129.786504747,33.104143919],[129.793626394,33.110893667],[129.793847691,33.137613559],[129.780247198,33.141777946],[129.766962555,33.142900586],[129.747028911,33.125389973],[129.75,33.062966919]]],[[[129.375,33.168783919],[129.433994163,33.190926387],[129.501236394,33.259226108],[129.504261115,33.300214162],[129.531652477,33.310347973],[129.546938923,33.37652236],[129.501915422,33.357229946],[129.437242218,33.347148333],[129.432527497,33.314385829],[129.446914384,33.296987559],[129.409347224,33.276603892],[129.414138327,33.247498613],[129.38026166,33.223881946],[129.395975979,33.181486847],[129.375,33.168783919]]],[[[129.422512192,33.416666667],[129.400902503,33.35876],[129.435074086,33.354821054],[129.43675275,33.396381162],[129.422512192,33.416666667]]],[[[129.5,33.471821468],[129.553792607,33.469399414],[129.552128885,33.509797495],[129.5,33.471821468]]],[[[129.173282023,34.166666667],[129.170881025,34.111501649],[129.229387458,34.094718874],[129.279413878,34.13078625199995],[129.29188525300015,34.1903697030001],[129.33062027200015,34.27591959500012],[129.33078444900013,34.298276937000026],[129.28050491600004,34.316015514000014],[129.22312358,34.29581926999998],[129.18524952,34.24599309],[129.173282023,34.166666667]]],[[[129.35137241200007,34.33333333300002],[129.39285847,34.336635279],[129.375893917,34.381629964],[129.36957529200004,34.45193462200007],[129.471628573,34.553029405],[129.49079552500007,34.663799982000114],[129.474789339,34.691579586],[129.447836485,34.704278135],[129.418927613,34.688035333],[129.37887957200007,34.64261315300013],[129.319654994,34.646826676],[129.306175694,34.589130595],[129.286798742,34.569221315],[129.326509689,34.547245189],[129.27327953300005,34.46612435999998],[129.27607079099994,34.35473199100005],[129.29927741899996,34.37021272100003],[129.349335149,34.363740081],[129.35137241200007,34.33333333300002]]],[[[129.677687393,33.75],[129.684211414,33.726110306],[129.715166835,33.707024306],[129.738473606,33.738025162],[129.786091141,33.744103441],[129.78708061,33.769099],[129.755612503,33.806350027],[129.773080999,33.842249135],[129.704261751,33.863519333],[129.676377562,33.845402081],[129.647257808,33.753079279],[129.677687393,33.75]]],[[[128.835252918,32.833333333],[128.834854449,32.796206667],[128.866074449,32.763435559],[128.902478612,32.788451667],[128.883335279,32.833871946],[128.835252918,32.833333333]]],[[[128.92526594,32.833333333],[128.963000272,32.84962],[128.916311388,32.870134721],[128.889805279,32.85613],[128.92526594,32.833333333]]],[[[128.751898586,32.583333333],[128.793191712,32.591396757],[128.769292049,32.618262685],[128.770102581,32.644750414],[128.80640153,32.655461459],[128.825927497,32.635637225],[128.870721245,32.643695946],[128.882856472,32.66960964],[128.84725227,32.696606261],[128.82878526600007,32.754141090000076],[128.79239083,32.789090559],[128.765273333,32.760468054],[128.706818054,32.738551667],[128.697319442,32.766432775],[128.65569917,32.779500829],[128.645124163,32.724427225],[128.665221634,32.666783748],[128.636432776,32.634546946],[128.630198885,32.605008613],[128.736778054,32.607006387],[128.751898586,32.583333333]]],[[[129,32.868328081],[129.030263606,32.853387775],[129.033027224,32.895011108],[128.989698885,32.93307],[129,32.868328081]]],[[[129.04774786,32.833333333],[129.077679196,32.861575829],[129.095955551,32.917855829],[129.11825917,32.938479162],[129.182303606,32.971469162],[129.176034163,33.007355829],[129.122997562,32.985391468],[129.091158975,32.988959613],[129.09128083,33.038553613],[129.042299442,33.027717775],[129.052357056,32.978907559],[128.99765917,32.966586108],[129.006824721,32.940365829],[129.052376524,32.910492495],[129.042423891,32.875645559],[129.04774786,32.833333333]]]]},"properties":{"N03_001":"長崎県"}},
{"type":"Feature","geometry":{"type":"MultiPolygon","coordinates":[[[[130.607557769,32.715787009],[130.567923022,32.699299225],[130.537926654,32.665001649],[130.499474073,32.653999595],[130.452728016,32.626697712],[130.466974189,32.604642243],[130.541045305,32.624492369],[130.630479209,32.622679757],[130.632825694,32.602082405],[130.589850363,32.576235369],[130.562434293,32.53796582],[130.531153502,32.520033252],[130.5649508040001,32.476000811000006],[130.57306560300015,32.44081328800013],[130.53806236100013,32.410277332999954],[130.489204384,32.366353351],[130.46624352799995,32.32140600899993],[130.46363283999995,32.27679756800006],[130.432828833,32.263494757],[130.432231025,32.231089514],[130.394167549,32.227444207],[130.360790649,32.168609748],[130.402670739,32.120203486],[130.441159818,32.113982387],[130.475793165,32.12237709],[130.505395097,32.140629],[130.58249224400004,32.15483698200012],[130.59172085599994,32.18595771200006],[130.62494695199996,32.156428586000004],[130.65164392999998,32.15126546800002],[130.65500948099998,32.13568108100009],[130.72060171199996,32.1007992160001],[130.857067808,32.099700171],[130.878381427,32.121266802],[130.913428923,32.130448694],[130.95349687400005,32.1153952250001],[130.99238680899998,32.157922928000005],[131.037353333,32.170212108],[131.05952358,32.156046054],[131.108965305,32.160148811],[131.10053149199996,32.20154290100004],[131.07091546000004,32.234759955000015],[131.04711522699995,32.24430010800006],[131.051115409,32.286355712],[131.070514319,32.280417468],[131.101179767,32.311723793],[131.10720527900003,32.33340005399998],[131.07803180299993,32.35511151399999],[131.0679681580001,32.40759647700003],[131.04378804199996,32.408131108000134],[131.01433623899993,32.46274773899995],[131.0094069,32.515405586],[131.019473502,32.549223658],[131.052191907,32.587720144],[131.104991102,32.579605901],[131.119509715,32.598850126],[131.116222685,32.642659081],[131.151286342,32.680008901],[131.172568521,32.684544631],[131.18977678300018,32.72184771200011],[131.235005499,32.744331586],[131.23422372200002,32.753436964000116],[131.2372116470001,32.77704777500014],[131.265182412,32.826461036],[131.329504877,32.833013865],[131.26383819700015,32.87939618900003],[131.25379591400008,32.9086518740001],[131.253795914,32.908651874],[131.253293969,32.909870486],[131.246271193,32.960761955],[131.263213813,32.977151982],[131.22362490299997,33.01716432400008],[131.196615097,33.071055739],[131.193301206,33.077546288],[131.193133982,33.077648514],[131.17316783399997,33.10463975699997],[131.161305499,33.140635622],[131.111177471,33.183302288],[131.081996433,33.188794658],[131.038846265,33.194133775],[130.994243139,33.183835144],[130.978520778,33.142235108],[131.018288755,33.094076072],[131.011791064,33.043115054],[130.998204786,33.028298405],[130.970273048,33.023766036],[130.956982244,33.047136514],[130.900016122,33.064059252],[130.889733398,33.083586288],[130.845744747,33.092179162],[130.839822827,33.104054477],[130.770889339,33.124332676],[130.7374852790001,33.1463687210001],[130.667536874,33.156954865],[130.655683074,33.108620243],[130.580198859,33.116019243],[130.561795875,33.104189198],[130.565721064,33.08725309],[130.542453424,33.081735261],[130.495035681,33.048675658],[130.51587049299997,33.012020757000016],[130.483968431,33.00161418],[130.414136693,33.002313766],[130.429969533,32.98708255],[130.437781167,32.94190118],[130.439735888,32.920864081],[130.476478534,32.904986829],[130.523218158,32.880897937],[130.522826939,32.853350468],[130.571539805,32.848782351],[130.614383515,32.792658009],[130.598452257,32.778162505],[130.607557769,32.715787009]]],[[[130.39077655,32.501595369],[130.35951917,32.527320559],[130.315725357,32.517587865],[130.281783891,32.484075829],[130.204596887,32.451435243],[130.225097899,32.41206327],[130.245960441,32.396875955],[130.3086107910001,32.39600041400007],[130.35397788600005,32.40513108099998],[130.399863645,32.395375279],[130.43761002600002,32.48625577500013],[130.456002088,32.514910568],[130.441520324,32.528582342],[130.39077655,32.501595369]]],[[[130.4557579575,32.5891687165],[130.444429676,32.625595649],[130.419529144,32.616726153],[130.404004319,32.552292685],[130.448465888,32.557469369],[130.4557579575,32.5891687165]]],[[[130.117953074,32.54359491],[130.066024786,32.515885261],[130.018065551,32.439221108],[129.993897497,32.376755279],[129.974800272,32.355838892],[129.980845279,32.325097225],[130.010939728,32.298408054],[129.970550558,32.247696108],[130.012528327,32.235271667],[130.001938054,32.193224721],[130.077614163,32.212102495],[130.082173606,32.230131946],[130.148046667,32.301929441],[130.185617224,32.313877225],[130.218496394,32.3648],[130.219393307,32.392546468],[130.196959663,32.458503027],[130.208557769,32.47232073],[130.187971193,32.548545568],[130.117953074,32.54359491]]]]},"properties":{"N03_001":"熊本県"}},
{"type":"Feature","geometry":{"type":"Polygon","coordinates":[[[131.517811128,33.265351216],[131.508987224,33.274019757],[131.496415966,33.346352495],[131.522846355,33.367437378],[131.584962827,33.346721027],[131.617029222,33.372100261],[131.644052503,33.375333054],[131.635576394,33.423393892],[131.701361946,33.405951387],[131.71875166,33.447984441],[131.738642218,33.464952225],[131.729062218,33.500917225],[131.739121829,33.534964162],[131.733652387,33.580811865],[131.701031388,33.61388],[131.660803061,33.669795279],[131.647036589,33.662875748],[131.586397497,33.692231108],[131.544504695,33.677332523],[131.515103087,33.669331829],[131.42420696500005,33.592070432000014],[131.428522451,33.567936306],[131.33388643299998,33.581296395999914],[131.278930597,33.580849216],[131.258695798,33.603420279],[131.185572153,33.61685055],[131.172721115,33.588662775],[131.172646472,33.587953946],[131.190569728,33.558025279],[131.163157497,33.508460829],[131.118971946,33.502082495],[131.06765083,33.509056387],[131.03573917,33.519073054],[130.98995166,33.509140559],[130.981523333,33.507760829],[130.949887497,33.487669162],[130.92628588799994,33.45762453200001],[130.900280661,33.44921157700014],[130.885839831,33.379231667],[130.859719053,33.37296218],[130.835347964,33.343545946],[130.850601064,33.336658991],[130.866348314,33.292112126],[130.855354112,33.262568369],[130.824851466,33.253421712],[130.836489001,33.21059991],[130.863677393,33.193062063],[130.879646304,33.152986901],[130.839822827,33.104054477],[130.845744747,33.092179162],[130.889733398,33.083586288],[130.900016122,33.064059252],[130.956982244,33.047136514],[130.970273048,33.023766036],[130.998204786,33.028298405],[131.011791064,33.043115054],[131.018288755,33.094076072],[130.978520778,33.142235108],[130.994243139,33.183835144],[131.038846265,33.194133775],[131.081996433,33.188794658],[131.111177471,33.183302288],[131.161305499,33.140635622],[131.17316783399997,33.10463975699997],[131.193133982,33.077648514],[131.19327120599996,33.07784100900005],[131.193301206,33.077546288],[131.196615097,33.071055739],[131.22362490299997,33.01716432400008],[131.263213813,32.977151982],[131.246271193,32.960761955],[131.253293969,32.909870486],[131.25379591400008,32.9086518740001],[131.26383819700015,32.87939618900003],[131.329504877,32.833013865],[131.347059209,32.827972982],[131.363905227,32.803358459],[131.42120880699997,32.81191600899996],[131.475144786,32.837227991],[131.517465551,32.800804162],[131.508482218,32.774242495],[131.568917224,32.754163892],[131.590067782,32.774126108],[131.676302503,32.768375559],[131.712469728,32.773542775],[131.735728054,32.831101667],[131.787272218,32.833645],[131.806660558,32.822150279],[131.858796939,32.821436667],[131.844335279,32.776923054],[131.84700917,32.73593],[131.885707224,32.745868054],[131.868516589,32.774825225],[131.899584449,32.802163333],[131.936423606,32.784444721],[131.981970895,32.825],[131.95325971500006,32.840302828999995],[132.005493606,32.889137495],[131.98409965000008,32.91348518000001],[132.010045201,32.932740261],[131.959363502,32.946400892],[131.897154345,32.981576577],[131.901100428,33.010161351],[131.931782827,33.053157739],[131.980316498,33.046608279],[132.002569442,33.069923333],[131.928418418,33.06783236],[131.886077639,33.083295198],[131.910924449,33.126561387],[131.86881,33.13092],[131.845802296,33.114961423],[131.81352703,33.121379081],[131.821791115,33.162154721],[131.849112322,33.18825902700007],[131.903135422,33.261799054],[131.883521505,33.265242667],[131.806284812,33.242064333],[131.76954978,33.244978333],[131.691914773,33.279427775],[131.614283839,33.262085532],[131.589269533,33.245649919],[131.517811128,33.265351216]]]},"properties":{"N03_001":"大分県"}},
{"type":"Feature","geometry":{"type":"Polygon","coordinates":[[[131.506396576,32.046435486],[131.519985707,32.087352982],[131.543449326,32.157441541],[131.573025292,32.237963054],[131.592021362,32.306048486],[131.628307549,32.349234982],[131.644575214,32.408174568],[131.683924591,32.418457982],[131.650543865,32.457629],[131.65987942900006,32.483576982000045],[131.69621093399996,32.46947718900009],[131.72811630399997,32.49672108100003],[131.700635058,32.507752261],[131.682388573,32.540391613],[131.706947406,32.585406432],[131.742364721,32.591978333],[131.773154163,32.634197225],[131.762853891,32.658667225],[131.885707224,32.745868054],[131.84700917,32.73593],[131.844335279,32.776923054],[131.858796939,32.821436667],[131.806660558,32.822150279],[131.787272218,32.833645],[131.735728054,32.831101667],[131.712469728,32.773542775],[131.676302503,32.768375559],[131.590067782,32.774126108],[131.568917224,32.754163892],[131.508482218,32.774242495],[131.517465551,32.800804162],[131.475144786,32.837227991],[131.42120880699997,32.81191600899996],[131.363905227,32.803358459],[131.347059209,32.827972982],[131.329504877,32.833013865],[131.265182412,32.826461036],[131.2372116470001,32.77704777500014],[131.23422372200002,32.753436964000116],[131.235005499,32.744331586],[131.18977678300018,32.72184771200011],[131.172568521,32.684544631],[131.151286342,32.680008901],[131.116222685,32.642659081],[131.119509715,32.598850126],[131.104991102,32.579605901],[131.052191907,32.587720144],[131.019473502,32.549223658],[131.0094069,32.515405586],[131.01433623899993,32.46274773899995],[131.04378804199996,32.408131108000134],[131.0679681580001,32.40759647700003],[131.07803180299993,32.35511151399999],[131.10720527900003,32.33340005399998],[131.101179767,32.311723793],[131.070514319,32.280417468],[131.051115409,32.286355712],[131.04711522699995,32.24430010800006],[131.07091546000004,32.234759955000015],[131.10053149199996,32.20154290100004],[131.108965305,32.160148811],[131.05952358,32.156046054],[131.037353333,32.170212108],[130.99238680899998,32.157922928000005],[130.95349687400005,32.1153952250001],[130.913428923,32.130448694],[130.878381427,32.121266802],[130.857067808,32.099700171],[130.72060171199996,32.1007992160001],[130.703376939,32.058545279],[130.735554721,32.048200829],[130.776872503,32.016476946],[130.784194721,31.979070559],[130.816448054,31.941244721],[130.861370272,31.933940559],[130.900828612,31.885754721],[130.913839442,31.885979441],[130.914013891,31.885766946],[130.894570272,31.877966387],[130.876902218,31.815727775],[130.884541946,31.805426946],[130.929544163,31.786358054],[130.986984994,31.780147775],[130.978098327,31.758857225],[131.015201946,31.748804162],[131.024235551,31.674095],[131.054258885,31.633493054],[131.079268716,31.660214198],[131.127809728,31.626480279],[131.169916394,31.633497225],[131.189402503,31.622236946],[131.205447497,31.579949441],[131.196849442,31.511581946],[131.179036109,31.506233333],[131.160325422,31.461896333],[131.2065839170001,31.452810919000115],[131.26285022000002,31.379390323999928],[131.3337355120001,31.3984665590001],[131.36534470800007,31.420642550000082],[131.36278652400017,31.47187539600003],[131.383060311,31.494023955],[131.373718392,31.50575930600013],[131.423107873,31.609527829],[131.461889105,31.63343827],[131.45113902699995,31.681410955000104],[131.46788284,31.721013126],[131.467905629,31.748798658],[131.4886069,31.785495856],[131.455143787,31.81681036],[131.457857743,31.890057523],[131.506396576,32.046435486]]]},"properties":{"N03_001":"宮崎県"}},
{"type":"Feature","geometry":{"type":"MultiPolygon","coordinates":[[[[130.61127166,31.672885559],[130.6141739950001,31.696572468],[130.672214929,31.72803164],[130.716485136,31.725293748],[130.730426446,31.709918027],[130.792436329,31.703016225],[130.823159468,31.659721495],[130.801057017,31.631934063],[130.78731284,31.585950198],[130.766955279,31.563558613],[130.706876732,31.557279207],[130.713522503,31.600519532],[130.692137756,31.624582495],[130.626114137,31.620391946],[130.592046913,31.580977189],[130.639139611,31.545138054],[130.698313165,31.555699252],[130.707011946,31.541202775],[130.691278923,31.489203946],[130.702566252,31.45962855],[130.731746291,31.450778838],[130.760260065,31.414046649],[130.802926213,31.336916099],[130.793031349,31.295712505],[130.788116913,31.248691667],[130.767679702,31.225310838],[130.753206667,31.203214162],[130.76676166,31.180615],[130.730994994,31.116810559],[130.667882503,31.085242495],[130.682861946,31.003871387],[130.707235279,31.031344441],[130.797988327,31.083761667],[130.877288885,31.098825279],[130.901132776,31.113153054],[130.962712218,31.138371108],[130.972584163,31.166506387],[131.003283333,31.189798892],[131.017074488,31.228297649],[131.066451946,31.227920559],[131.110998054,31.265746108],[131.073489689,31.291486775],[131.107344449,31.315703613],[131.099112776,31.332201667],[131.016427056,31.358915027000023],[131.020432542,31.394986532],[131.060420882,31.446156757],[131.1077070560001,31.47400849500002],[131.160325422,31.461896333],[131.179036109,31.506233333],[131.196849442,31.511581946],[131.205447497,31.579949441],[131.189402503,31.622236946],[131.169916394,31.633497225],[131.127809728,31.626480279],[131.079268716,31.660214198],[131.054258885,31.633493054],[131.024235551,31.674095],[131.015201946,31.748804162],[130.978098327,31.758857225],[130.986984994,31.780147775],[130.929544163,31.786358054],[130.884541946,31.805426946],[130.876902218,31.815727775],[130.894570272,31.877966387],[130.914013891,31.885766946],[130.913839442,31.885979441],[130.900828612,31.885754721],[130.861370272,31.933940559],[130.816448054,31.941244721],[130.784194721,31.979070559],[130.776872503,32.016476946],[130.735554721,32.048200829],[130.703376939,32.058545279],[130.72060171199996,32.1007992160001],[130.65500948099998,32.13568108100009],[130.65164392999998,32.15126546800002],[130.62494695199996,32.156428586000004],[130.59172085599994,32.18595771200006],[130.58249224400004,32.15483698200012],[130.505395097,32.140629],[130.475793165,32.12237709],[130.441159818,32.113982387],[130.402670739,32.120203486],[130.360790649,32.168609748],[130.352406939,32.135885748],[130.286739831,32.109282613],[130.233308677,32.128188631],[130.175918301,32.105903495],[130.199199222,32.077026306],[130.203197691,32.038284468],[130.179381894,32.015560252],[130.201632827,31.984426802],[130.220032166,31.928554757],[130.2242398830001,31.910720414000025],[130.173186083,31.800969613],[130.18050454,31.778975505],[130.26011238700005,31.721743027000116],[130.315606213,31.658594495],[130.334320272,31.599473613],[130.326472776,31.525686946],[130.312987782,31.490817495],[130.271443061,31.426763333],[130.225232776,31.402386946],[130.1866807,31.410320117],[130.16703083,31.434928054],[130.134614721,31.416710559],[130.174705279,31.366382225],[130.190511115,31.366656387],[130.22632083,31.305661387],[130.203018054,31.296055829],[130.223183606,31.253974441],[130.262178029,31.256151162],[130.284162555,31.267420135],[130.368582114,31.251883387],[130.459538054,31.251274162],[130.508573061,31.213390559],[130.508613891,31.175104721],[130.553760013,31.178335171],[130.585776394,31.160659162],[130.626094721,31.180956387],[130.657814202,31.220395009],[130.65000323,31.244663081],[130.66655,31.266843802],[130.621178119,31.276626315],[130.584170272,31.304363667],[130.564673333,31.322495],[130.518386057,31.437975027],[130.540621634,31.535144135],[130.568820389,31.570251081],[130.562807717,31.597168721],[130.602309974,31.631977892],[130.61127166,31.672885559]]],[[[130.949203333,30.635646667],[130.953405992,30.593370658],[130.91546917,30.519864685],[130.88137917,30.481634162],[130.851291115,30.44839],[130.865133658,30.418086676],[130.857475694,30.371347694],[130.87005808,30.346846153],[130.94120882,30.376024369],[130.965956978,30.374911441],[130.97893144,30.402579009],[130.963261388,30.452615],[130.962620272,30.478602225],[130.999349818,30.548110315],[131.0271593,30.556663135],[131.032923606,30.587518333],[131.055118612,30.604883892],[131.049769922,30.646806063],[131.072803891,30.717733613],[131.071581453,30.767853604],[131.083380558,30.782711387],[131.055260558,30.838920279],[131.002911115,30.782382495],[130.993739702,30.727244495],[130.940106394,30.668725829],[130.949203333,30.635646667]]],[[[129.677011971,31.666666667],[129.666183165,31.641051252],[129.696579974,31.622794775],[129.737812218,31.654778694],[129.725477756,31.671124829],[129.749180272,31.737800613],[129.705714643,31.722539865],[129.677011971,31.666666667]]],[[[129.863416783,31.833333333],[129.873993113,31.809379721],[129.918996135,31.816912532],[129.910724669,31.842945054],[129.852649559,31.882956162],[129.842454501,31.859895027],[129.863416783,31.833333333]]],[[[129.394843891,28.385072775],[129.366561388,28.354624162],[129.339138054,28.368512775],[129.313538975,28.335829414],[129.259041388,28.323415559],[129.2126,28.302599162],[129.235592218,28.282224162],[129.199374994,28.262156108],[129.134886939,28.255194441],[129.194616589,28.227741225],[129.29525917,28.219541946],[129.291461115,28.153436387],[129.326126654,28.135451117],[129.3547,28.156429162],[129.401725279,28.156137495],[129.406273061,28.193623054],[129.43010166,28.193450559],[129.471638327,28.221269721],[129.426408885,28.241505829],[129.486287224,28.289524162],[129.537704449,28.306449162],[129.536766939,28.330510559],[129.570853891,28.345354441],[129.633815331,28.406182351],[129.708957497,28.421181667],[129.717240558,28.470781946],[129.698263061,28.484085279],[129.676924163,28.526564162],[129.657320272,28.50003],[129.673446355,28.457843775],[129.643423333,28.432429721],[129.604971115,28.451347225],[129.595176394,28.474908892],[129.561217224,28.453416946],[129.541301115,28.459542225],[129.521415279,28.444872775],[129.507675486,28.399121324],[129.467909118,28.402091189],[129.449987497,28.382291387],[129.394843891,28.385072775]]],[[[129.904938249,30.833333333],[129.937346667,30.812158892],[129.964556667,30.830066108],[129.938874721,30.851444162],[129.904938249,30.833333333]]],[[[130.266666667,30.779683162],[130.313578612,30.780929721],[130.302633061,30.808387495],[130.266666667,30.779683162]]],[[[129.85284,29.833333333],[129.879094163,29.816815829],[129.895302503,29.843971108],[129.886280272,29.872445559],[129.850099442,29.881538054],[129.834094449,29.860033892],[129.85284,29.833333333]]],[[[129.708302503,29.666666667],[129.68362083,29.651951387],[129.69799,29.603254162],[129.733526394,29.627598333],[129.74300166,29.669350559],[129.708302503,29.666666667]]],[[[130.25,32.304363892],[130.213668327,32.28004],[130.213448327,32.252432225],[130.269166667,32.282518892],[130.25,32.304363892]]],[[[130.125,32.117071198],[130.166851997,32.097275198],[130.179373606,32.137079441],[130.205252218,32.148806387],[130.184338327,32.179300279],[130.182255837,32.218210559],[130.105738054,32.213518054],[130.096433333,32.185041946],[130.125,32.117071198]]],[[[130.5,30.230973946],[130.58556083,30.240345],[130.65366166,30.299411387],[130.671549442,30.371796667],[130.638696667,30.401196946],[130.543410558,30.447129721],[130.471503061,30.461451387],[130.41917083,30.396111946],[130.381347497,30.393558054],[130.376643333,30.375690829],[130.392032218,30.321671946],[130.405273891,30.312621946],[130.436443891,30.240637495],[130.5,30.230973946]]],[[[130.25,30.454399414],[130.200263891,30.481268333],[130.155676394,30.485052225],[130.209980558,30.425355559],[130.25,30.454399414]]],[[[129.319103671,28.083333333],[129.351864994,28.100493333],[129.271224449,28.115119721],[129.250629728,28.153135559],[129.215518054,28.134567495],[129.228944721,28.089166108],[129.261314994,28.078261108],[129.291506939,28.090544441],[129.319103671,28.083333333]]],[[[129.956769079,28.333333333],[129.923114462,28.323841667],[129.91525166,28.296489162],[129.937754721,28.27808],[129.977805837,28.288013333],[130.002899728,28.331768333],[130.030118612,28.351976387],[130.008683606,28.375705279],[129.956769079,28.333333333]]],[[[128.908061388,27.892576667],[128.888795279,27.876964441],[128.889893891,27.786758613],[128.903158327,27.753160829],[128.881015279,27.722258892],[128.916564449,27.696253333],[128.936213606,27.660995829],[128.982156394,27.668439162],[128.998190558,27.69578],[129.037691115,27.768236387],[128.966421115,27.823727495],[128.975909442,27.872595559],[128.969543061,27.892879162],[128.908061388,27.892576667]]],[[[128.577653333,27.401139721],[128.529545837,27.401993613],[128.520048612,27.373173054],[128.531478885,27.348602225],[128.568149001,27.329864946],[128.623980558,27.362201387],[128.677246109,27.414119721],[128.577653333,27.401139721]]],[[[128.397938612,27.037990279],[128.422983333,27.023291387],[128.45740083,27.023622225],[128.455106939,27.047698054],[128.421273891,27.065912225],[128.397938612,27.037990279]]]]},"properties":{"N03_001":"鹿児島県"}},
{"type":"Feature","geometry":{"type":"MultiPolygon","coordinates":[[[[127.842945837,26.437239162],[127.871339715,26.457598568],[127.94263703,26.441573775],[127.946641128,26.464838811],[127.99110463,26.475059568],[127.997662503,26.509687721],[128.053230558,26.520926108],[128.148208327,26.568646946],[128.128588067,26.59263664],[128.181459818,26.62412136],[128.234431232,26.630474982],[128.26470642,26.667764892],[128.279318638,26.678949108],[128.317856485,26.743263991],[128.326530091,26.781528189],[128.31985511,26.811615802],[128.261951401,26.866443658],[128.223542218,26.789035117],[128.183655655,26.749565811],[128.155614916,26.740149856],[128.154662322,26.717823568],[128.116096226,26.701806622],[128.103039014,26.664190369],[128.080386978,26.645867622],[128.024557756,26.627388387],[127.988650208,26.646667928],[127.996980713,26.691538018],[127.952507873,26.708206964],[127.918249546,26.702073523],[127.880186861,26.703569532],[127.889036719,26.672452054],[127.880277523,26.636270207],[127.90016559,26.605618333],[127.920734527,26.609315198],[127.983003139,26.584963414],[127.975965577,26.558967252],[127.929259728,26.531454441],[127.812640571,26.463293171],[127.799114527,26.437527613],[127.771929676,26.444556892],[127.741893268,26.422298135],[127.713483943,26.411293829],[127.738349377,26.361873712],[127.745856757,26.342630198],[127.7569993,26.295026027],[127.724290039,26.272812144],[127.685082477,26.242579694],[127.681049494,26.226562613],[127.635092763,26.200392883],[127.643832685,26.177417901],[127.66926745800004,26.15215915300007],[127.65653819700015,26.084519333000117],[127.68035594,26.074926667],[127.73157841800014,26.098224748000007],[127.762228482,26.125951342],[127.79289917,26.134946748],[127.829767665,26.165400414],[127.821099416,26.191653441],[127.776067289,26.188619847],[127.770030311,26.207491054],[127.787508911,26.231923829],[127.814418067,26.290084297],[127.828733722,26.304130523],[127.842558872,26.334619928],[127.862630804,26.344458306],[127.899220856,26.304521802],[127.91552144,26.321953946],[127.872934643,26.362011865],[127.871257419,26.388113279],[127.843817588,26.43166764],[127.842945837,26.437239162]]],[[[124.16419566800008,24.33333333300002],[124.2151122570001,24.355312036000043],[124.24974996100002,24.35943698200009],[124.258090298,24.412362838],[124.251017808,24.46267882],[124.281454047,24.490368712],[124.33442585,24.571099135],[124.338103204,24.604981793],[124.31216227,24.610533189],[124.277229572,24.509204162],[124.258488521,24.519713207],[124.22928799,24.497885667],[124.222890545,24.455362486],[124.152592127,24.454486108],[124.123267484,24.474444405],[124.110621051,24.444185748],[124.14308930000016,24.41376464900003],[124.13723426700005,24.385461622000093],[124.111474656,24.367099928],[124.16419566800008,24.33333333300002]]],[[[125.25610835299997,24.750000000000057],[125.26292900099997,24.734159458999954],[125.30807389100016,24.711965991000056],[125.32828553800005,24.71969239600014],[125.454326122,24.734633811],[125.433347263,24.761000658],[125.4026338,24.766290892],[125.385126537,24.786499423],[125.336159922,24.79801627],[125.335419767,24.822229856],[125.296408275,24.845465892],[125.275089196,24.806629649],[125.256099416,24.794406865],[125.282713165,24.763283279],[125.25610835299997,24.750000000000057]]],[[[125.158444306,24.833333333],[125.177503528,24.811817829],[125.221327588,24.813813387],[125.212180078,24.843782162],[125.178886304,24.861571279],[125.158444306,24.833333333]]],[[[127.75,26.717289117],[127.809931518,26.70592555],[127.811354968,26.738015586],[127.760317406,26.737732477],[127.75,26.717289117]]],[[[127.348214942,26.166666667],[127.373881388,26.202135],[127.348251946,26.210631946],[127.348214942,26.166666667]]],[[[131.217542503,25.833333333],[131.257113217,25.817502829],[131.265206667,25.866911946],[131.220601556,25.866558586],[131.217542503,25.833333333]]],[[[127.936898586,27],[127.945146822,27.019144649],[127.991358327,27.044231387],[127.987321388,27.074764162],[127.933081946,27.021937225],[127.936898586,27]]],[[[126.762644643,26.333333333],[126.780630558,26.304851667],[126.823909442,26.346384162],[126.779029442,26.391057225],[126.717211946,26.374598333],[126.717315551,26.353274721],[126.762644643,26.333333333]]],[[[124.674248301,24.666666667],[124.675391388,24.643300559],[124.708180272,24.638143892],[124.726516667,24.666776108],[124.696901115,24.677002198],[124.674248301,24.666666667]]],[[[123.75,24.283258108],[123.805678885,24.269600559],[123.833276109,24.272019441],[123.880578054,24.256238892],[123.910350558,24.319465829],[123.929721115,24.328050279],[123.938506394,24.365622225],[123.916953333,24.378427775],[123.811873061,24.411256946],[123.781600558,24.437615829],[123.746015837,24.388798613],[123.753497497,24.353225559],[123.708600272,24.323685279],[123.683138054,24.330850829],[123.661664994,24.308404162],[123.680236394,24.283284162],[123.75,24.283258108]]],[[[123,24.440582189],[123.012662802,24.473702703],[122.962569896,24.472555811],[122.940156122,24.444139153],[123,24.440582189]]]]},"properties":{"N03_001":"沖縄県"}}
]}